prov_cn,prov_km2,pa_km2,year,frac_pa
230000,451084.570674823,18252.702895469,2002,0.0404640373049403
650000,1627343.61964449,184031.921019977,2002,0.113087315302333
140000,155942.383568924,1431.00698769405,2002,0.00917651093271617
640000,51198.1261574061,6351.83792309434,2002,0.124063874985696
540000,1198514.53429661,378786.405118118,2002,0.31604656787948
370000,155045.020700642,1677.65270593603,2002,0.0108204229865286
410000,163635.184918568,7905.58304326081,2002,0.0483122443818851
320000,100834.150894034,753.482599783027,2002,0.0074724941213107
340000,141224.668324945,1150.92183312167,2002,0.00814958071258137
420000,186164.909824594,4229.9527014774,2002,0.0227215360051628
330000,100488.309790717,740.264772863964,2002,0.00736667553077252
360000,169215.433114737,3011.01803161253,2002,0.0177939918138016
430000,211565.974059089,7919.38317251152,2002,0.0374322156846435
530000,385468.898026504,14525.1071266859,2002,0.0376816578485332
520000,175616.831238234,3153.91383762898,2002,0.0179590635783111
350000,122346.250901022,2533.34853058978,2002,0.0207063846413999
450000,266663.798498258,5473.02042419138,2002,0.0205240473398084
440000,202775.329391037,1839.3595447918,2002,0.00907092371796734
460000,43080.9900364887,1368.55228206154,2002,0.0317669645219946
220000,191587.081583656,11299.7806472998,2002,0.0589798672953104
210000,145287.062854837,3002.27694242238,2002,0.0206644479104247
120000,11392.3898513189,407.300557210269,2002,0.0357519855382333
630000,695938.6544018,68465.4389506323,2002,0.0983785546579278
610000,204998.319067571,10741.7393939517,2002,0.0523991584068114
150000,1142761.87223905,85326.2462194008,2002,0.0746666897909522
500000,82385.4969649095,2405.84352875656,2002,0.0292022700279551
130000,186599.667718384,2359.32511116691,2002,0.0126437798095525
310000,6182.81738595144,0,2002,0
110000,16197.1667597319,298.752132928851,2002,0.0184447155086151
710000,40903.8534422188,0,2002,0
810000,1288.62501088332,0,2002,0
510000,485131.529377545,46530.6941413585,2002,0.0959135643091685
620000,421123.651133805,74103.9653987941,2002,0.175967237174359
820000,60.7617837309977,0,2002,0
230000,451084.570674823,18853.4945830778,2003,0.0417959198978429
650000,1627343.61964449,184031.921019977,2003,0.113087315302333
140000,155942.383568924,1431.00698769405,2003,0.00917651093271617
640000,51198.1261574061,6351.83792309434,2003,0.124063874985696
540000,1198514.53429661,378786.405118118,2003,0.31604656787948
370000,155045.020700642,1677.65270593603,2003,0.0108204229865286
410000,163635.184918568,7905.5830432608,2003,0.0483122443818851
320000,100834.150894034,753.482599783027,2003,0.0074724941213107
340000,141224.668324945,1150.92183312167,2003,0.00814958071258138
420000,186164.909824594,4229.9527014774,2003,0.0227215360051628
330000,100488.309790717,740.264772863964,2003,0.00736667553077252
360000,169215.433114737,3044.97995433788,2003,0.0179946940907761
430000,211565.974059089,7919.38317251152,2003,0.0374322156846435
530000,385468.898026504,14525.1071266859,2003,0.0376816578485332
520000,175616.831238234,3154.00349063847,2003,0.0179595740818252
350000,122346.250901022,2533.62259251144,2003,0.0207086246930536
450000,266663.798498258,5473.02042419138,2003,0.0205240473398084
440000,202775.329391037,1839.35954479179,2003,0.00907092371796734
460000,43080.9900364887,1368.55228206154,2003,0.0317669645219947
220000,191587.081583656,11299.7806472999,2003,0.0589798672953105
210000,145287.062854837,3002.27745243072,2003,0.020664451420774
120000,11392.3898513189,408.287673193778,2003,0.035838632501372
630000,695938.6544018,68465.4389506322,2003,0.0983785546579278
610000,204998.319067571,11173.5258255476,2003,0.0545054509537937
150000,1142761.87223905,87689.609390739,2003,0.0767348049676579
500000,82385.4969649095,2405.84352875656,2003,0.0292022700279551
130000,186599.667718384,2663.93404864366,2003,0.014276199315982
310000,6182.81738595144,0,2003,0
110000,16197.1667597319,298.752132928851,2003,0.0184447155086151
710000,40903.8534422188,0,2003,0
810000,1288.62501088332,0,2003,0
510000,485131.529377545,49027.1463296613,2003,0.101059492860763
620000,421123.651133805,74114.8678814917,2003,0.175993126204026
820000,60.7617837309977,0,2003,0
230000,451084.570674823,19492.4244428166,2004,0.0432123502110833
650000,1627343.61964449,184031.921019977,2004,0.113087315302333
140000,155942.383568924,1431.00698769405,2004,0.00917651093271617
640000,51198.1261574061,6552.54107544326,2004,0.12798400190073
540000,1198514.53429661,378786.405118118,2004,0.31604656787948
370000,155045.020700642,1677.65270593603,2004,0.0108204229865286
410000,163635.184918568,7905.58304326081,2004,0.0483122443818851
320000,100834.150894034,2526.88989111746,2004,0.0250598618495131
340000,141224.668324945,1150.92183312167,2004,0.00814958071258136
420000,186164.909824594,4229.9527014774,2004,0.0227215360051628
330000,100488.309790717,740.264772863964,2004,0.00736667553077252
360000,169215.433114737,3153.05061711955,2004,0.0186333513384776
430000,211565.974059089,7919.38317251152,2004,0.0374322156846435
530000,385468.898026504,14525.1071266859,2004,0.0376816578485332
520000,175616.831238234,3154.00349063846,2004,0.0179595740818252
350000,122346.250901022,2534.10798132153,2004,0.0207125920300707
450000,266663.798498258,5473.02042419138,2004,0.0205240473398084
440000,202775.329391037,1841.94223814765,2004,0.00908366044172761
460000,43080.9900364887,1368.55228206154,2004,0.0317669645219946
220000,191587.081583656,11560.7438016702,2004,0.0603419797729012
210000,145287.062854837,3014.27723490379,2004,0.0207470450270957
120000,11392.3898513189,408.287673193777,2004,0.0358386325013719
630000,695938.6544018,68465.4389506322,2004,0.0983785546579278
610000,204998.319067571,11173.5258255476,2004,0.0545054509537937
150000,1142761.87223905,87689.609390739,2004,0.076734804967658
500000,82385.4969649095,2405.84352875656,2004,0.0292022700279551
130000,186599.667718384,2663.93404864367,2004,0.014276199315982
310000,6182.81738595144,0,2004,0
110000,16197.1667597319,298.752132928851,2004,0.0184447155086151
710000,40903.8534422188,0,2004,0
810000,1288.62501088332,0,2004,0
510000,485131.529377545,49223.5163014186,2004,0.101464269627199
620000,421123.651133805,75833.1941803234,2004,0.180073462927469
820000,60.7617837309977,0,2004,0
230000,451084.570674823,21189.1708779868,2005,0.046973832082724
650000,1627343.61964449,184031.921019977,2005,0.113087315302333
140000,155942.383568924,1431.00698769405,2005,0.00917651093271617
640000,51198.1261574061,6558.379734887,2005,0.1280980423917
540000,1198514.53429661,378786.405118118,2005,0.31604656787948
370000,155045.020700642,1677.65270593603,2005,0.0108204229865286
410000,163635.184918568,7905.58304326081,2005,0.0483122443818851
320000,100834.150894034,2526.88989111746,2005,0.0250598618495131
340000,141224.668324945,1150.92183312167,2005,0.00814958071258136
420000,186164.909824594,4229.95270147741,2005,0.0227215360051628
330000,100488.309790717,740.264772863964,2005,0.00736667553077252
360000,169215.433114737,3174.79339321285,2005,0.018761843023267
430000,211565.974059089,7929.87307933958,2005,0.0374817978864825
530000,385468.898026504,14565.0152158378,2005,0.0377851891304506
520000,175616.831238234,3169.60807956554,2005,0.0180484299666345
350000,122346.250901022,2534.10798132153,2005,0.0207125920300706
450000,266663.798498258,5722.34309606667,2005,0.0214590174155344
440000,202775.329391037,1841.94223814765,2005,0.00908366044172761
460000,43080.9900364887,1368.55228206154,2005,0.0317669645219946
220000,191587.081583656,11560.7438016701,2005,0.0603419797729011
210000,145287.062854837,3014.27723490381,2005,0.0207470450270959
120000,11392.3898513189,408.287673193777,2005,0.0358386325013719
630000,695938.6544018,68541.491002119,2005,0.0984878344787938
610000,204998.319067571,11173.5258255476,2005,0.0545054509537937
150000,1142761.87223905,87689.609390739,2005,0.0767348049676579
500000,82385.4969649095,2405.84352875656,2005,0.0292022700279551
130000,186599.667718384,2663.93404864367,2005,0.014276199315982
310000,6182.81738595144,0,2005,0
110000,16197.1667597319,298.752132928851,2005,0.0184447155086151
710000,40903.8534422188,0,2005,0
810000,1288.62501088332,0,2005,0
510000,485131.529377545,50476.4699050695,2005,0.104046978702526
620000,421123.651133805,79584.2938945971,2005,0.188980822331706
820000,60.7617837309977,0,2005,0
230000,451084.570674823,23327.3376150413,2006,0.0517138894379465
650000,1627343.61964449,184031.921019977,2006,0.113087315302333
140000,155942.383568924,1431.00698769405,2006,0.00917651093271617
640000,51198.1261574061,6558.379734887,2006,0.1280980423917
540000,1198514.53429661,378786.405118118,2006,0.31604656787948
370000,155045.020700642,1937.30461577103,2006,0.0124951101752022
410000,163635.184918568,7965.88628168571,2006,0.0486807668268282
320000,100834.150894034,2540.41996704321,2006,0.0251940433327287
340000,141224.668324945,10125.6443005825,2006,0.071698835767731
420000,186164.909824594,4229.95270147741,2006,0.0227215360051628
330000,100488.309790717,848.044387789473,2006,0.0084392342706894
360000,169215.433114737,3175.52388933985,2006,0.0187661599825039
430000,211565.974059089,7929.87307933958,2006,0.0374817978864825
530000,385468.898026504,14577.8899253588,2006,0.0378185892558223
520000,175616.831238234,3169.60807956554,2006,0.0180484299666345
350000,122346.250901022,2534.10798132153,2006,0.0207125920300707
450000,266663.798498258,5722.34309606668,2006,0.0214590174155344
440000,202775.329391037,1841.94223814764,2006,0.00908366044172759
460000,43080.9900364887,1368.55228206154,2006,0.0317669645219947
220000,191587.081583656,11943.8679159575,2006,0.0623417185398392
210000,145287.062854837,3014.27723490382,2006,0.0207470450270959
120000,11392.3898513189,408.287673193778,2006,0.035838632501372
630000,695938.6544018,68541.491002119,2006,0.0984878344787938
610000,204998.319067571,11397.9098850304,2006,0.0556000163165899
150000,1142761.87223905,89023.5536475114,2006,0.0779021035004299
500000,82385.4969649095,2405.84352875656,2006,0.0292022700279551
130000,186599.667718384,2663.93404864366,2006,0.014276199315982
310000,6182.81738595144,0,2006,0
110000,16197.1667597319,298.752132928851,2006,0.0184447155086151
710000,40903.8534422188,0,2006,0
810000,1288.62501088332,0,2006,0
510000,485131.529377545,51400.4479103409,2006,0.105951571476484
620000,421123.651133805,79999.6821001489,2006,0.189967202945651
820000,60.7617837309977,0,2006,0
230000,451084.570674823,23635.99722259,2007,0.0523981505003164
650000,1627343.61964449,184031.921019977,2007,0.113087315302333
140000,155942.383568924,1431.00698769405,2007,0.00917651093271617
640000,51198.1261574061,6558.379734887,2007,0.1280980423917
540000,1198514.53429661,378786.405118118,2007,0.31604656787948
370000,155045.020700642,1937.30461577102,2007,0.0124951101752022
410000,163635.184918568,7965.88632088107,2007,0.0486807670663571
320000,100834.150894034,2540.41996704321,2007,0.0251940433327287
340000,141224.668324945,10125.6443005825,2007,0.071698835767731
420000,186164.909824594,4229.95270147741,2007,0.0227215360051628
330000,100488.309790717,848.044387789473,2007,0.0084392342706894
360000,169215.433114737,3230.73536600534,2007,0.0190924391855838
430000,211565.974059089,7929.87307933957,2007,0.0374817978864825
530000,385468.898026504,14577.8899253588,2007,0.0378185892558223
520000,175616.831238234,3169.60807956554,2007,0.0180484299666345
350000,122346.250901022,2534.10798132153,2007,0.0207125920300706
450000,266663.798498258,5722.34309606667,2007,0.0214590174155344
440000,202775.329391037,1841.94223814765,2007,0.00908366044172761
460000,43080.9900364887,1368.55228206154,2007,0.0317669645219946
220000,191587.081583656,11943.8679159576,2007,0.0623417185398395
210000,145287.062854837,3014.27723490379,2007,0.0207470450270957
120000,11392.3898513189,408.287673193777,2007,0.0358386325013719
630000,695938.6544018,68541.491002119,2007,0.0984878344787938
610000,204998.319067571,11397.9098850304,2007,0.0556000163165899
150000,1142761.87223905,89023.5536475114,2007,0.0779021035004299
500000,82385.4969649095,2405.84352875656,2007,0.0292022700279551
130000,186599.667718384,2663.93404864367,2007,0.014276199315982
310000,6182.81738595144,0,2007,0
110000,16197.1667597319,298.752132928851,2007,0.0184447155086151
710000,40903.8534422188,0,2007,0
810000,1288.62501088332,0,2007,0
510000,485131.529377545,51400.4479103409,2007,0.105951571476484
620000,421123.651133805,79999.6821001489,2007,0.189967202945651
820000,60.7617837309977,0,2007,0
230000,451084.570674823,23640.3757219935,2008,0.0524078571045502
650000,1627343.61964449,184031.921019977,2008,0.113087315302333
140000,155942.383568924,1431.00698769405,2008,0.00917651093271617
640000,51198.1261574061,6558.379734887,2008,0.1280980423917
540000,1198514.53429661,378786.405118118,2008,0.31604656787948
370000,155045.020700642,1937.30461577103,2008,0.0124951101752022
410000,163635.184918568,7965.88632088107,2008,0.0486807670663571
320000,100834.150894034,2540.41996704321,2008,0.0251940433327287
340000,141224.668324945,10125.6443005825,2008,0.071698835767731
420000,186164.909824594,4229.9527014774,2008,0.0227215360051628
330000,100488.309790717,848.044387789471,2008,0.00843923427068939
360000,169215.433114737,3230.73536600534,2008,0.0190924391855838
430000,211565.974059089,7929.87307933957,2008,0.0374817978864824
530000,385468.898026504,14577.8899253588,2008,0.0378185892558223
520000,175616.831238234,3169.60807956554,2008,0.0180484299666345
350000,122346.250901022,2534.10798132153,2008,0.0207125920300706
450000,266663.798498258,5722.34309606667,2008,0.0214590174155344
440000,202775.329391037,1841.94223814765,2008,0.00908366044172761
460000,43080.9900364887,1368.55228206154,2008,0.0317669645219946
220000,191587.081583656,11943.8679159576,2008,0.0623417185398395
210000,145287.062854837,3014.27723490379,2008,0.0207470450270957
120000,11392.3898513189,408.287673193777,2008,0.0358386325013719
630000,695938.6544018,68541.491002119,2008,0.0984878344787938
610000,204998.319067571,11397.9098850304,2008,0.0556000163165899
150000,1142761.87223905,89023.5536475114,2008,0.0779021035004299
500000,82385.4969649095,2488.74444198471,2008,0.0302085261808245
130000,186599.667718384,2663.93404864367,2008,0.014276199315982
310000,6182.81738595144,0,2008,0
110000,16197.1667597319,298.752132928851,2008,0.0184447155086151
710000,40903.8534422188,0,2008,0
810000,1288.62501088332,0,2008,0
510000,485131.529377545,51400.4479103409,2008,0.105951571476484
620000,421123.651133805,79999.682100149,2008,0.189967202945651
820000,60.7617837309977,0,2008,0
230000,451084.570674823,23777.4075153554,2009,0.0527116400363337
650000,1627343.61964449,184031.921019977,2009,0.113087315302333
140000,155942.383568924,1431.00698769405,2009,0.00917651093271617
640000,51198.1261574061,6558.379734887,2009,0.1280980423917
540000,1198514.53429661,378786.405118118,2009,0.31604656787948
370000,155045.020700642,1937.30461577103,2009,0.0124951101752022
410000,163635.184918568,7965.88632088108,2009,0.0486807670663571
320000,100834.150894034,2540.41996704323,2009,0.0251940433327289
340000,141224.668324945,10125.6443005825,2009,0.071698835767731
420000,186164.909824594,4229.95270147741,2009,0.0227215360051628
330000,100488.309790717,848.044387789473,2009,0.0084392342706894
360000,169215.433114737,3230.73536600535,2009,0.0190924391855838
430000,211565.974059089,8099.50313833832,2009,0.0382835811588312
530000,385468.898026504,14577.8899253588,2009,0.0378185892558223
520000,175616.831238234,3169.60807956554,2009,0.0180484299666345
350000,122346.250901022,2534.10798132153,2009,0.0207125920300706
450000,266663.798498258,5816.55505587687,2009,0.0218123160647727
440000,202775.329391037,1841.94223814765,2009,0.00908366044172761
460000,43080.9900364887,1368.55228206154,2009,0.0317669645219946
220000,191587.081583656,11943.8679159576,2009,0.0623417185398395
210000,145287.062854837,3078.02501178269,2009,0.0211858162130931
120000,11392.3898513189,408.287673193777,2009,0.0358386325013719
630000,695938.6544018,68541.491002119,2009,0.0984878344787938
610000,204998.319067571,11397.9098850304,2009,0.0556000163165899
150000,1142761.87223905,89023.5536475114,2009,0.0779021035004299
500000,82385.4969649095,2488.74444198471,2009,0.0302085261808245
130000,186599.667718384,2663.93404864367,2009,0.014276199315982
310000,6182.81738595144,0,2009,0
110000,16197.1667597319,298.752132928851,2009,0.0184447155086151
710000,40903.8534422188,0,2009,0
810000,1288.62501088332,0,2009,0
510000,485131.529377545,51906.1113499161,2009,0.106993893834348
620000,421123.651133805,79999.6821001489,2009,0.189967202945651
820000,60.7617837309977,0,2009,0
230000,451084.570674823,23892.2186000048,2010,0.0529661623412701
650000,1627343.61964449,184031.921019977,2010,0.113087315302333
140000,155942.383568924,1431.00698769405,2010,0.00917651093271617
640000,51198.1261574061,6558.379734887,2010,0.1280980423917
540000,1198514.53429661,378786.405118118,2010,0.31604656787948
370000,155045.020700642,1937.30461577103,2010,0.0124951101752022
410000,163635.184918568,7965.88632088108,2010,0.0486807670663571
320000,100834.150894034,2540.41996704321,2010,0.0251940433327287
340000,141224.668324945,10125.6443005825,2010,0.071698835767731
420000,186164.909824594,4229.95270147741,2010,0.0227215360051628
330000,100488.309790717,848.044387789471,2010,0.00843923427068939
360000,169215.433114737,3230.73536600534,2010,0.0190924391855838
430000,211565.974059089,8099.50313833832,2010,0.0382835811588312
530000,385468.898026504,14577.8899253588,2010,0.0378185892558222
520000,175616.831238234,3169.60807956554,2010,0.0180484299666345
350000,122346.250901022,2534.10798132153,2010,0.0207125920300706
450000,266663.798498258,5816.55505587687,2010,0.0218123160647727
440000,202775.329391037,1970.78490887841,2010,0.00971905662684391
460000,43080.9900364887,1368.55228206154,2010,0.0317669645219946
220000,191587.081583656,12072.3271582547,2010,0.0630122190831711
210000,145287.062854837,3078.02501178266,2010,0.021185816213093
120000,11392.3898513189,408.287673193777,2010,0.0358386325013719
630000,695938.6544018,68541.491002119,2010,0.0984878344787938
610000,204998.319067571,11397.9098850304,2010,0.0556000163165899
150000,1142761.87223905,89023.5536475114,2010,0.0779021035004299
500000,82385.4969649095,2488.74444198471,2010,0.0302085261808245
130000,186599.667718384,2663.93404864367,2010,0.014276199315982
310000,6182.81738595144,0,2010,0
110000,16197.1667597319,298.752132928851,2010,0.0184447155086151
710000,40903.8534422188,0,2010,0
810000,1288.62501088332,0,2010,0
510000,485131.529377545,51906.1113499161,2010,0.106993893834348
620000,421123.651133805,80027.9334789316,2010,0.190034288654816
820000,60.7617837309977,0,2010,0
230000,451084.570674823,24474.5031354124,2011,0.0542570168134958
650000,1627343.61964449,184031.921019977,2011,0.113087315302333
140000,155942.383568924,1431.00698769405,2011,0.00917651093271617
640000,51198.1261574061,6558.379734887,2011,0.1280980423917
540000,1198514.53429661,378786.405118118,2011,0.31604656787948
370000,155045.020700642,1937.30461577102,2011,0.0124951101752022
410000,163635.184918568,7965.88632088107,2011,0.0486807670663571
320000,100834.150894034,2540.41996704321,2011,0.0251940433327287
340000,141224.668324945,10125.6443005825,2011,0.0716988357677311
420000,186164.909824594,4229.9527014774,2011,0.0227215360051628
330000,100488.309790717,848.044387789473,2011,0.0084392342706894
360000,169215.433114737,3230.73536600534,2011,0.0190924391855838
430000,211565.974059089,8099.50313833834,2011,0.0382835811588313
530000,385468.898026504,14577.8899253588,2011,0.0378185892558222
520000,175616.831238234,3169.60807956554,2011,0.0180484299666345
350000,122346.250901022,2534.10798132153,2011,0.0207125920300707
450000,266663.798498258,5816.55505587687,2011,0.0218123160647727
440000,202775.329391037,1970.78490887842,2011,0.00971905662684393
460000,43080.9900364887,1368.55228206154,2011,0.0317669645219946
220000,191587.081583656,12125.2595576806,2011,0.0632885028439985
210000,145287.062854837,3078.02501178267,2011,0.021185816213093
120000,11392.3898513189,408.287673193777,2011,0.0358386325013719
630000,695938.6544018,68541.491002119,2011,0.0984878344787938
610000,204998.319067571,11397.9098850304,2011,0.0556000163165899
150000,1142761.87223905,89023.5536475114,2011,0.0779021035004299
500000,82385.4969649095,2502.53613447717,2011,0.0303759305541735
130000,186599.667718384,2663.93404864367,2011,0.014276199315982
310000,6182.81738595144,0,2011,0
110000,16197.1667597319,298.752132928851,2011,0.0184447155086151
710000,40903.8534422188,0,2011,0
810000,1288.62501088332,0,2011,0
510000,485131.529377545,51906.1113499161,2011,0.106993893834348
620000,421123.651133805,80027.9334789316,2011,0.190034288654816
820000,60.7617837309977,0,2011,0
230000,451084.570674823,24474.5031354124,2012,0.0542570168134958
650000,1627343.61964449,184031.921019977,2012,0.113087315302333
140000,155942.383568924,1431.00698769405,2012,0.00917651093271617
640000,51198.1261574061,6558.379734887,2012,0.1280980423917
540000,1198514.53429661,378786.405118118,2012,0.31604656787948
370000,155045.020700642,1937.30461577102,2012,0.0124951101752022
410000,163635.184918568,7965.88632088107,2012,0.0486807670663571
320000,100834.150894034,2540.41996704321,2012,0.0251940433327287
340000,141224.668324945,10125.6443005825,2012,0.071698835767731
420000,186164.909824594,4229.9527014774,2012,0.0227215360051628
330000,100488.309790717,848.044387789473,2012,0.0084392342706894
360000,169215.433114737,3230.73536600535,2012,0.0190924391855838
430000,211565.974059089,8099.50313833832,2012,0.0382835811588312
530000,385468.898026504,14577.8899253588,2012,0.0378185892558222
520000,175616.831238234,3169.60807956554,2012,0.0180484299666345
350000,122346.250901022,2534.10798132153,2012,0.0207125920300706
450000,266663.798498258,5816.55505587687,2012,0.0218123160647727
440000,202775.329391037,1970.78490887842,2012,0.00971905662684393
460000,43080.9900364887,1368.55228206154,2012,0.0317669645219946
220000,191587.081583656,12125.2595576806,2012,0.0632885028439984
210000,145287.062854837,3078.02501178267,2012,0.021185816213093
120000,11392.3898513189,408.287673193777,2012,0.0358386325013719
630000,695938.6544018,68541.491002119,2012,0.0984878344787938
610000,204998.319067571,11397.9098850304,2012,0.0556000163165899
150000,1142761.87223905,89023.5536475114,2012,0.0779021035004299
500000,82385.4969649095,2502.53613447717,2012,0.0303759305541735
130000,186599.667718384,2674.07183167452,2012,0.0143305283678759
310000,6182.81738595144,0,2012,0
110000,16197.1667597319,298.752132928851,2012,0.0184447155086151
710000,40903.8534422188,0,2012,0
810000,1288.62501088332,0,2012,0
510000,485131.529377545,51906.1113499161,2012,0.106993893834348
620000,421123.651133805,80027.9334789316,2012,0.190034288654816
820000,60.7617837309977,0,2012,0
230000,451084.570674823,24474.5031354124,2013,0.0542570168134958
650000,1627343.61964449,184031.921019977,2013,0.113087315302333
140000,155942.383568924,1431.00698769405,2013,0.00917651093271617
640000,51198.1261574061,6558.379734887,2013,0.1280980423917
540000,1198514.53429661,378786.405118118,2013,0.31604656787948
370000,155045.020700642,1937.30461577102,2013,0.0124951101752022
410000,163635.184918568,7965.88632088107,2013,0.0486807670663571
320000,100834.150894034,2540.41996704321,2013,0.0251940433327287
340000,141224.668324945,10125.6443005825,2013,0.071698835767731
420000,186164.909824594,4229.9527014774,2013,0.0227215360051628
330000,100488.309790717,848.044387789473,2013,0.0084392342706894
360000,169215.433114737,3230.73536600535,2013,0.0190924391855838
430000,211565.974059089,8099.50313833832,2013,0.0382835811588312
530000,385468.898026504,14577.8899253588,2013,0.0378185892558222
520000,175616.831238234,3169.60807956554,2013,0.0180484299666345
350000,122346.250901022,2534.10798132153,2013,0.0207125920300706
450000,266663.798498258,5816.55505587687,2013,0.0218123160647727
440000,202775.329391037,1970.78490887842,2013,0.00971905662684393
460000,43080.9900364887,1368.55228206154,2013,0.0317669645219946
220000,191587.081583656,12125.2595576806,2013,0.0632885028439984
210000,145287.062854837,3078.02501178267,2013,0.021185816213093
120000,11392.3898513189,408.287673193777,2013,0.0358386325013719
630000,695938.6544018,68541.491002119,2013,0.0984878344787938
610000,204998.319067571,11397.9098850304,2013,0.0556000163165899
150000,1142761.87223905,89023.5536475114,2013,0.0779021035004299
500000,82385.4969649095,2502.53613447717,2013,0.0303759305541735
130000,186599.667718384,2674.07183167452,2013,0.0143305283678759
310000,6182.81738595144,0,2013,0
110000,16197.1667597319,298.752132928851,2013,0.0184447155086151
710000,40903.8534422188,0,2013,0
810000,1288.62501088332,0,2013,0
510000,485131.529377545,51906.1113499161,2013,0.106993893834348
620000,421123.651133805,80027.9334789316,2013,0.190034288654816
820000,60.7617837309977,0,2013,0
230000,451084.570674823,24474.5031354124,2014,0.0542570168134958
650000,1627343.61964449,184031.921019977,2014,0.113087315302333
140000,155942.383568924,1431.00698769405,2014,0.00917651093271617
640000,51198.1261574061,6558.379734887,2014,0.1280980423917
540000,1198514.53429661,378786.405118118,2014,0.31604656787948
370000,155045.020700642,1937.30461577102,2014,0.0124951101752022
410000,163635.184918568,7965.88632088107,2014,0.0486807670663571
320000,100834.150894034,2540.41996704321,2014,0.0251940433327287
340000,141224.668324945,10125.6443005825,2014,0.071698835767731
420000,186164.909824594,4229.9527014774,2014,0.0227215360051628
330000,100488.309790717,848.044387789473,2014,0.0084392342706894
360000,169215.433114737,3230.73536600535,2014,0.0190924391855838
430000,211565.974059089,8099.50313833832,2014,0.0382835811588312
530000,385468.898026504,14577.8899253588,2014,0.0378185892558222
520000,175616.831238234,3169.60807956554,2014,0.0180484299666345
350000,122346.250901022,2534.10798132153,2014,0.0207125920300706
450000,266663.798498258,5816.55505587687,2014,0.0218123160647727
440000,202775.329391037,1970.78490887842,2014,0.00971905662684393
460000,43080.9900364887,1368.55228206154,2014,0.0317669645219946
220000,191587.081583656,12125.2595576806,2014,0.0632885028439984
210000,145287.062854837,3078.02501178267,2014,0.021185816213093
120000,11392.3898513189,408.287673193777,2014,0.0358386325013719
630000,695938.6544018,68541.491002119,2014,0.0984878344787938
610000,204998.319067571,11397.9098850304,2014,0.0556000163165899
150000,1142761.87223905,89023.5536475114,2014,0.0779021035004299
500000,82385.4969649095,2502.53613447717,2014,0.0303759305541735
130000,186599.667718384,2674.07183167452,2014,0.0143305283678759
310000,6182.81738595144,0,2014,0
110000,16197.1667597319,298.752132928851,2014,0.0184447155086151
710000,40903.8534422188,0,2014,0
810000,1288.62501088332,0,2014,0
510000,485131.529377545,51906.1113499161,2014,0.106993893834348
620000,421123.651133805,80027.9334789316,2014,0.190034288654816
820000,60.7617837309977,0,2014,0
230000,451084.570674823,24474.5031354124,2015,0.0542570168134958
650000,1627343.61964449,184031.921019977,2015,0.113087315302333
140000,155942.383568924,1431.00698769405,2015,0.00917651093271617
640000,51198.1261574061,6558.379734887,2015,0.1280980423917
540000,1198514.53429661,378786.405118118,2015,0.31604656787948
370000,155045.020700642,1937.30461577102,2015,0.0124951101752022
410000,163635.184918568,7965.88632088107,2015,0.0486807670663571
320000,100834.150894034,2540.41996704321,2015,0.0251940433327287
340000,141224.668324945,10125.6443005825,2015,0.071698835767731
420000,186164.909824594,4229.9527014774,2015,0.0227215360051628
330000,100488.309790717,848.044387789473,2015,0.0084392342706894
360000,169215.433114737,3230.73536600535,2015,0.0190924391855838
430000,211565.974059089,8099.50313833832,2015,0.0382835811588312
530000,385468.898026504,14577.8899253588,2015,0.0378185892558222
520000,175616.831238234,3169.60807956554,2015,0.0180484299666345
350000,122346.250901022,2534.10798132153,2015,0.0207125920300706
450000,266663.798498258,5816.55505587687,2015,0.0218123160647727
440000,202775.329391037,1970.78490887842,2015,0.00971905662684393
460000,43080.9900364887,1368.55228206154,2015,0.0317669645219946
220000,191587.081583656,12125.2595576806,2015,0.0632885028439984
210000,145287.062854837,3078.02501178267,2015,0.021185816213093
120000,11392.3898513189,408.287673193777,2015,0.0358386325013719
630000,695938.6544018,68541.491002119,2015,0.0984878344787938
610000,204998.319067571,11397.9098850304,2015,0.0556000163165899
150000,1142761.87223905,89023.5536475114,2015,0.0779021035004299
500000,82385.4969649095,2502.53613447717,2015,0.0303759305541735
130000,186599.667718384,2674.07183167452,2015,0.0143305283678759
310000,6182.81738595144,0,2015,0
110000,16197.1667597319,298.752132928851,2015,0.0184447155086151
710000,40903.8534422188,0,2015,0
810000,1288.62501088332,0,2015,0
510000,485131.529377545,51906.1113499161,2015,0.106993893834348
620000,421123.651133805,80027.9334789316,2015,0.190034288654816
820000,60.7617837309977,0,2015,0
230000,451084.570674823,24474.5031354124,2016,0.0542570168134958
650000,1627343.61964449,184031.921019977,2016,0.113087315302333
140000,155942.383568924,1431.00698769405,2016,0.00917651093271617
640000,51198.1261574061,6558.379734887,2016,0.1280980423917
540000,1198514.53429661,378786.405118118,2016,0.31604656787948
370000,155045.020700642,1937.30461577102,2016,0.0124951101752022
410000,163635.184918568,7965.88632088107,2016,0.0486807670663571
320000,100834.150894034,2540.41996704321,2016,0.0251940433327287
340000,141224.668324945,10125.6443005825,2016,0.071698835767731
420000,186164.909824594,4229.9527014774,2016,0.0227215360051628
330000,100488.309790717,848.044387789473,2016,0.0084392342706894
360000,169215.433114737,3230.73536600535,2016,0.0190924391855838
430000,211565.974059089,8099.50313833832,2016,0.0382835811588312
530000,385468.898026504,14577.8899253588,2016,0.0378185892558222
520000,175616.831238234,3169.60807956554,2016,0.0180484299666345
350000,122346.250901022,2534.10798132153,2016,0.0207125920300706
450000,266663.798498258,5816.55505587687,2016,0.0218123160647727
440000,202775.329391037,1970.78490887842,2016,0.00971905662684393
460000,43080.9900364887,1368.55228206154,2016,0.0317669645219946
220000,191587.081583656,12125.2595576806,2016,0.0632885028439984
210000,145287.062854837,3078.02501178267,2016,0.021185816213093
120000,11392.3898513189,408.287673193777,2016,0.0358386325013719
630000,695938.6544018,68541.491002119,2016,0.0984878344787938
610000,204998.319067571,11397.9098850304,2016,0.0556000163165899
150000,1142761.87223905,89023.5536475114,2016,0.0779021035004299
500000,82385.4969649095,2502.53613447717,2016,0.0303759305541735
130000,186599.667718384,2674.07183167452,2016,0.0143305283678759
310000,6182.81738595144,0,2016,0
110000,16197.1667597319,298.752132928851,2016,0.0184447155086151
710000,40903.8534422188,0,2016,0
810000,1288.62501088332,0,2016,0
510000,485131.529377545,51906.1113499161,2016,0.106993893834348
620000,421123.651133805,80027.9334789316,2016,0.190034288654816
820000,60.7617837309977,0,2016,0
230000,451084.570674823,24474.5031354124,2017,0.0542570168134958
650000,1627343.61964449,184031.921019977,2017,0.113087315302333
140000,155942.383568924,1431.00698769405,2017,0.00917651093271617
640000,51198.1261574061,6558.379734887,2017,0.1280980423917
540000,1198514.53429661,378786.405118118,2017,0.31604656787948
370000,155045.020700642,1937.30461577102,2017,0.0124951101752022
410000,163635.184918568,7965.88632088107,2017,0.0486807670663571
320000,100834.150894034,2540.41996704321,2017,0.0251940433327287
340000,141224.668324945,10125.6443005825,2017,0.071698835767731
420000,186164.909824594,4229.9527014774,2017,0.0227215360051628
330000,100488.309790717,848.044387789473,2017,0.0084392342706894
360000,169215.433114737,3230.73536600535,2017,0.0190924391855838
430000,211565.974059089,8099.50313833832,2017,0.0382835811588312
530000,385468.898026504,14577.8899253588,2017,0.0378185892558222
520000,175616.831238234,3169.60807956554,2017,0.0180484299666345
350000,122346.250901022,2534.10798132153,2017,0.0207125920300706
450000,266663.798498258,5816.55505587687,2017,0.0218123160647727
440000,202775.329391037,1970.78490887842,2017,0.00971905662684393
460000,43080.9900364887,1368.55228206154,2017,0.0317669645219946
220000,191587.081583656,12125.2595576806,2017,0.0632885028439984
210000,145287.062854837,3078.02501178267,2017,0.021185816213093
120000,11392.3898513189,408.287673193777,2017,0.0358386325013719
630000,695938.6544018,68541.491002119,2017,0.0984878344787938
610000,204998.319067571,11397.9098850304,2017,0.0556000163165899
150000,1142761.87223905,89023.5536475114,2017,0.0779021035004299
500000,82385.4969649095,2502.53613447717,2017,0.0303759305541735
130000,186599.667718384,2674.07183167452,2017,0.0143305283678759
310000,6182.81738595144,0,2017,0
110000,16197.1667597319,298.752132928851,2017,0.0184447155086151
710000,40903.8534422188,0,2017,0
810000,1288.62501088332,0,2017,0
510000,485131.529377545,51906.1113499161,2017,0.106993893834348
620000,421123.651133805,80027.9334789316,2017,0.190034288654816
820000,60.7617837309977,0,2017,0
230000,451084.570674823,24474.5031354124,2018,0.0542570168134958
650000,1627343.61964449,184031.921019977,2018,0.113087315302333
140000,155942.383568924,1431.00698769405,2018,0.00917651093271617
640000,51198.1261574061,6558.379734887,2018,0.1280980423917
540000,1198514.53429661,378786.405118118,2018,0.31604656787948
370000,155045.020700642,1937.30461577102,2018,0.0124951101752022
410000,163635.184918568,7965.88632088107,2018,0.0486807670663571
320000,100834.150894034,2540.41996704321,2018,0.0251940433327287
340000,141224.668324945,10125.6443005825,2018,0.071698835767731
420000,186164.909824594,4229.9527014774,2018,0.0227215360051628
330000,100488.309790717,848.044387789473,2018,0.0084392342706894
360000,169215.433114737,3230.73536600535,2018,0.0190924391855838
430000,211565.974059089,8099.50313833832,2018,0.0382835811588312
530000,385468.898026504,14577.8899253588,2018,0.0378185892558222
520000,175616.831238234,3169.60807956554,2018,0.0180484299666345
350000,122346.250901022,2534.10798132153,2018,0.0207125920300706
450000,266663.798498258,5816.55505587687,2018,0.0218123160647727
440000,202775.329391037,1970.78490887842,2018,0.00971905662684393
460000,43080.9900364887,1368.55228206154,2018,0.0317669645219946
220000,191587.081583656,12125.2595576806,2018,0.0632885028439984
210000,145287.062854837,3078.02501178267,2018,0.021185816213093
120000,11392.3898513189,408.287673193777,2018,0.0358386325013719
630000,695938.6544018,68541.491002119,2018,0.0984878344787938
610000,204998.319067571,11397.9098850304,2018,0.0556000163165899
150000,1142761.87223905,89023.5536475114,2018,0.0779021035004299
500000,82385.4969649095,2502.53613447717,2018,0.0303759305541735
130000,186599.667718384,2674.07183167452,2018,0.0143305283678759
310000,6182.81738595144,0,2018,0
110000,16197.1667597319,298.752132928851,2018,0.0184447155086151
710000,40903.8534422188,0,2018,0
810000,1288.62501088332,0,2018,0
510000,485131.529377545,51906.1113499161,2018,0.106993893834348
620000,421123.651133805,80027.9334789316,2018,0.190034288654816
820000,60.7617837309977,0,2018,0
230000,451084.570674823,24474.5031354124,2019,0.0542570168134958
650000,1627343.61964449,184031.921019977,2019,0.113087315302333
140000,155942.383568924,1431.00698769405,2019,0.00917651093271617
640000,51198.1261574061,6558.379734887,2019,0.1280980423917
540000,1198514.53429661,378786.405118118,2019,0.31604656787948
370000,155045.020700642,1937.30461577102,2019,0.0124951101752022
410000,163635.184918568,7965.88632088107,2019,0.0486807670663571
320000,100834.150894034,2540.41996704321,2019,0.0251940433327287
340000,141224.668324945,10125.6443005825,2019,0.071698835767731
420000,186164.909824594,4229.9527014774,2019,0.0227215360051628
330000,100488.309790717,848.044387789473,2019,0.0084392342706894
360000,169215.433114737,3230.73536600535,2019,0.0190924391855838
430000,211565.974059089,8099.50313833832,2019,0.0382835811588312
530000,385468.898026504,14577.8899253588,2019,0.0378185892558222
520000,175616.831238234,3169.60807956554,2019,0.0180484299666345
350000,122346.250901022,2534.10798132153,2019,0.0207125920300706
450000,266663.798498258,5816.55505587687,2019,0.0218123160647727
440000,202775.329391037,1970.78490887842,2019,0.00971905662684393
460000,43080.9900364887,1368.55228206154,2019,0.0317669645219946
220000,191587.081583656,12125.2595576806,2019,0.0632885028439984
210000,145287.062854837,3078.02501178267,2019,0.021185816213093
120000,11392.3898513189,408.287673193777,2019,0.0358386325013719
630000,695938.6544018,68541.491002119,2019,0.0984878344787938
610000,204998.319067571,11397.9098850304,2019,0.0556000163165899
150000,1142761.87223905,89023.5536475114,2019,0.0779021035004299
500000,82385.4969649095,2502.53613447717,2019,0.0303759305541735
130000,186599.667718384,2674.07183167452,2019,0.0143305283678759
310000,6182.81738595144,0,2019,0
110000,16197.1667597319,298.752132928851,2019,0.0184447155086151
710000,40903.8534422188,0,2019,0
810000,1288.62501088332,0,2019,0
510000,485131.529377545,51906.1113499161,2019,0.106993893834348
620000,421123.651133805,80027.9334789316,2019,0.190034288654816
820000,60.7617837309977,0,2019,0
230000,451084.570674823,24474.5031354124,2020,0.0542570168134958
650000,1627343.61964449,184031.921019977,2020,0.113087315302333
140000,155942.383568924,1431.00698769405,2020,0.00917651093271617
640000,51198.1261574061,6558.379734887,2020,0.1280980423917
540000,1198514.53429661,378786.405118118,2020,0.31604656787948
370000,155045.020700642,1937.30461577102,2020,0.0124951101752022
410000,163635.184918568,7965.88632088107,2020,0.0486807670663571
320000,100834.150894034,2540.41996704321,2020,0.0251940433327287
340000,141224.668324945,10125.6443005825,2020,0.071698835767731
420000,186164.909824594,4229.9527014774,2020,0.0227215360051628
330000,100488.309790717,848.044387789473,2020,0.0084392342706894
360000,169215.433114737,3230.73536600535,2020,0.0190924391855838
430000,211565.974059089,8099.50313833832,2020,0.0382835811588312
530000,385468.898026504,14577.8899253588,2020,0.0378185892558222
520000,175616.831238234,3169.60807956554,2020,0.0180484299666345
350000,122346.250901022,2534.10798132153,2020,0.0207125920300706
450000,266663.798498258,5816.55505587687,2020,0.0218123160647727
440000,202775.329391037,1970.78490887842,2020,0.00971905662684393
460000,43080.9900364887,1368.55228206154,2020,0.0317669645219946
220000,191587.081583656,12125.2595576806,2020,0.0632885028439984
210000,145287.062854837,3078.02501178267,2020,0.021185816213093
120000,11392.3898513189,408.287673193777,2020,0.0358386325013719
630000,695938.6544018,68541.491002119,2020,0.0984878344787938
610000,204998.319067571,11397.9098850304,2020,0.0556000163165899
150000,1142761.87223905,89023.5536475114,2020,0.0779021035004299
500000,82385.4969649095,2502.53613447717,2020,0.0303759305541735
130000,186599.667718384,2674.07183167452,2020,0.0143305283678759
310000,6182.81738595144,0,2020,0
110000,16197.1667597319,298.752132928851,2020,0.0184447155086151
710000,40903.8534422188,0,2020,0
810000,1288.62501088332,0,2020,0
510000,485131.529377545,51906.1113499161,2020,0.106993893834348
620000,421123.651133805,80027.9334789316,2020,0.190034288654816
820000,60.7617837309977,0,2020,0
230000,451084.570674823,24474.5031354124,2021,0.0542570168134958
650000,1627343.61964449,184031.921019977,2021,0.113087315302333
140000,155942.383568924,1431.00698769405,2021,0.00917651093271617
640000,51198.1261574061,6558.379734887,2021,0.1280980423917
540000,1198514.53429661,378786.405118118,2021,0.31604656787948
370000,155045.020700642,1937.30461577102,2021,0.0124951101752022
410000,163635.184918568,7965.88632088107,2021,0.0486807670663571
320000,100834.150894034,2540.41996704321,2021,0.0251940433327287
340000,141224.668324945,10125.6443005825,2021,0.071698835767731
420000,186164.909824594,4229.9527014774,2021,0.0227215360051628
330000,100488.309790717,848.044387789473,2021,0.0084392342706894
360000,169215.433114737,3230.73536600535,2021,0.0190924391855838
430000,211565.974059089,8099.50313833832,2021,0.0382835811588312
530000,385468.898026504,14577.8899253588,2021,0.0378185892558222
520000,175616.831238234,3169.60807956554,2021,0.0180484299666345
350000,122346.250901022,2534.10798132153,2021,0.0207125920300706
450000,266663.798498258,5816.55505587687,2021,0.0218123160647727
440000,202775.329391037,1970.78490887842,2021,0.00971905662684393
460000,43080.9900364887,1368.55228206154,2021,0.0317669645219946
220000,191587.081583656,12125.2595576806,2021,0.0632885028439984
210000,145287.062854837,3078.02501178267,2021,0.021185816213093
120000,11392.3898513189,408.287673193777,2021,0.0358386325013719
630000,695938.6544018,68541.491002119,2021,0.0984878344787938
610000,204998.319067571,11397.9098850304,2021,0.0556000163165899
150000,1142761.87223905,89023.5536475114,2021,0.0779021035004299
500000,82385.4969649095,2502.53613447717,2021,0.0303759305541735
130000,186599.667718384,2674.07183167452,2021,0.0143305283678759
310000,6182.81738595144,0,2021,0
110000,16197.1667597319,298.752132928851,2021,0.0184447155086151
710000,40903.8534422188,0,2021,0
810000,1288.62501088332,0,2021,0
510000,485131.529377545,51906.1113499161,2021,0.106993893834348
620000,421123.651133805,80027.9334789316,2021,0.190034288654816
820000,60.7617837309977,0,2021,0
230000,451084.570674823,24474.5031354124,2022,0.0542570168134958
650000,1627343.61964449,184031.921019977,2022,0.113087315302333
140000,155942.383568924,1431.00698769405,2022,0.00917651093271617
640000,51198.1261574061,6558.379734887,2022,0.1280980423917
540000,1198514.53429661,378786.405118118,2022,0.31604656787948
370000,155045.020700642,1937.30461577102,2022,0.0124951101752022
410000,163635.184918568,7965.88632088107,2022,0.0486807670663571
320000,100834.150894034,2540.41996704321,2022,0.0251940433327287
340000,141224.668324945,10125.6443005825,2022,0.071698835767731
420000,186164.909824594,4229.9527014774,2022,0.0227215360051628
330000,100488.309790717,848.044387789473,2022,0.0084392342706894
360000,169215.433114737,3230.73536600535,2022,0.0190924391855838
430000,211565.974059089,8099.50313833832,2022,0.0382835811588312
530000,385468.898026504,14577.8899253588,2022,0.0378185892558222
520000,175616.831238234,3169.60807956554,2022,0.0180484299666345
350000,122346.250901022,2534.10798132153,2022,0.0207125920300706
450000,266663.798498258,5816.55505587687,2022,0.0218123160647727
440000,202775.329391037,1970.78490887842,2022,0.00971905662684393
460000,43080.9900364887,1368.55228206154,2022,0.0317669645219946
220000,191587.081583656,12125.2595576806,2022,0.0632885028439984
210000,145287.062854837,3078.02501178267,2022,0.021185816213093
120000,11392.3898513189,408.287673193777,2022,0.0358386325013719
630000,695938.6544018,68541.491002119,2022,0.0984878344787938
610000,204998.319067571,11397.9098850304,2022,0.0556000163165899
150000,1142761.87223905,89023.5536475114,2022,0.0779021035004299
500000,82385.4969649095,2502.53613447717,2022,0.0303759305541735
130000,186599.667718384,2674.07183167452,2022,0.0143305283678759
310000,6182.81738595144,0,2022,0
110000,16197.1667597319,298.752132928851,2022,0.0184447155086151
710000,40903.8534422188,0,2022,0
810000,1288.62501088332,0,2022,0
510000,485131.529377545,51906.1113499161,2022,0.106993893834348
620000,421123.651133805,80027.9334789316,2022,0.190034288654816
820000,60.7617837309977,0,2022,0
230000,451084.570674823,24474.5031354124,2023,0.0542570168134958
650000,1627343.61964449,184031.921019977,2023,0.113087315302333
140000,155942.383568924,1431.00698769405,2023,0.00917651093271617
640000,51198.1261574061,6558.379734887,2023,0.1280980423917
540000,1198514.53429661,378786.405118118,2023,0.31604656787948
370000,155045.020700642,1937.30461577102,2023,0.0124951101752022
410000,163635.184918568,7965.88632088107,2023,0.0486807670663571
320000,100834.150894034,2540.41996704321,2023,0.0251940433327287
340000,141224.668324945,10125.6443005825,2023,0.071698835767731
420000,186164.909824594,4229.9527014774,2023,0.0227215360051628
330000,100488.309790717,848.044387789473,2023,0.0084392342706894
360000,169215.433114737,3230.73536600535,2023,0.0190924391855838
430000,211565.974059089,8099.50313833832,2023,0.0382835811588312
530000,385468.898026504,14577.8899253588,2023,0.0378185892558222
520000,175616.831238234,3169.60807956554,2023,0.0180484299666345
350000,122346.250901022,2534.10798132153,2023,0.0207125920300706
450000,266663.798498258,5816.55505587687,2023,0.0218123160647727
440000,202775.329391037,1970.78490887842,2023,0.00971905662684393
460000,43080.9900364887,1368.55228206154,2023,0.0317669645219946
220000,191587.081583656,12125.2595576806,2023,0.0632885028439984
210000,145287.062854837,3078.02501178267,2023,0.021185816213093
120000,11392.3898513189,408.287673193777,2023,0.0358386325013719
630000,695938.6544018,68541.491002119,2023,0.0984878344787938
610000,204998.319067571,11397.9098850304,2023,0.0556000163165899
150000,1142761.87223905,89023.5536475114,2023,0.0779021035004299
500000,82385.4969649095,2502.53613447717,2023,0.0303759305541735
130000,186599.667718384,2674.07183167452,2023,0.0143305283678759
310000,6182.81738595144,0,2023,0
110000,16197.1667597319,298.752132928851,2023,0.0184447155086151
710000,40903.8534422188,0,2023,0
810000,1288.62501088332,0,2023,0
510000,485131.529377545,51906.1113499161,2023,0.106993893834348
620000,421123.651133805,80027.9334789316,2023,0.190034288654816
820000,60.7617837309977,0,2023,0
230000,451084.570674823,24474.5031354124,2024,0.0542570168134958
650000,1627343.61964449,184031.921019977,2024,0.113087315302333
140000,155942.383568924,1431.00698769405,2024,0.00917651093271617
640000,51198.1261574061,6558.379734887,2024,0.1280980423917
540000,1198514.53429661,378786.405118118,2024,0.31604656787948
370000,155045.020700642,1937.30461577102,2024,0.0124951101752022
410000,163635.184918568,7965.88632088107,2024,0.0486807670663571
320000,100834.150894034,2540.41996704321,2024,0.0251940433327287
340000,141224.668324945,10125.6443005825,2024,0.071698835767731
420000,186164.909824594,4229.9527014774,2024,0.0227215360051628
330000,100488.309790717,848.044387789473,2024,0.0084392342706894
360000,169215.433114737,3230.73536600535,2024,0.0190924391855838
430000,211565.974059089,8099.50313833832,2024,0.0382835811588312
530000,385468.898026504,14577.8899253588,2024,0.0378185892558222
520000,175616.831238234,3169.60807956554,2024,0.0180484299666345
350000,122346.250901022,2534.10798132153,2024,0.0207125920300706
450000,266663.798498258,5816.55505587687,2024,0.0218123160647727
440000,202775.329391037,1970.78490887842,2024,0.00971905662684393
460000,43080.9900364887,1368.55228206154,2024,0.0317669645219946
220000,191587.081583656,12125.2595576806,2024,0.0632885028439984
210000,145287.062854837,3078.02501178267,2024,0.021185816213093
120000,11392.3898513189,408.287673193777,2024,0.0358386325013719
630000,695938.6544018,68541.491002119,2024,0.0984878344787938
610000,204998.319067571,11397.9098850304,2024,0.0556000163165899
150000,1142761.87223905,89023.5536475114,2024,0.0779021035004299
500000,82385.4969649095,2502.53613447717,2024,0.0303759305541735
130000,186599.667718384,2674.07183167452,2024,0.0143305283678759
310000,6182.81738595144,0,2024,0
110000,16197.1667597319,298.752132928851,2024,0.0184447155086151
710000,40903.8534422188,0,2024,0
810000,1288.62501088332,0,2024,0
510000,485131.529377545,51906.1113499161,2024,0.106993893834348
620000,421123.651133805,80027.9334789316,2024,0.190034288654816
820000,60.7617837309977,0,2024,0
