unit_id,year,n_checklist,n_loc
653100,2019,5,5
653000,2021,5,5
653000,2011,8,6
653000,2013,15,6
653000,2023,22,12
653000,2017,2,1
653000,2007,4,2
653000,2012,4,3
653000,2004,2,2
653000,2018,1,1
653100,2023,65,40
653000,2019,2,2
653100,2011,19,10
653100,2010,4,3
653100,2021,3,3
653100,2013,7,4
653100,2022,6,3
653100,2012,4,4
653000,2020,1,1
653100,2004,2,2
653100,2007,3,3
653100,2018,1,1
653100,2005,3,1
653200,2023,20,14
653200,2017,2,2
653200,2012,1,1
659003,2021,1,1
653200,2019,6,6
652900,2021,7,7
542500,2023,7,7
542500,2021,7,7
542500,2018,4,3
542500,2017,8,7
542500,2020,3,3
542500,2004,12,5
542500,2019,6,6
653200,2022,1,1
652900,2020,11,11
652900,2014,8,3
652900,2023,20,18
654000,2015,4,4
652900,2010,1,1
654000,2023,132,95
659008,2018,1,1
654000,2019,40,29
654000,2018,40,23
659002,2014,4,2
654000,2021,64,55
659002,2019,5,4
654000,2014,3,3
654000,2022,13,9
652900,2019,5,5
652700,2021,8,4
652700,2018,7,6
652700,2023,19,18
652700,2019,15,10
652900,2013,3,2
659002,2023,3,3
654000,2010,2,1
654000,2012,5,5
654000,2016,2,2
654000,2017,3,2
542500,2007,4,4
542500,2005,4,4
652700,2015,1,1
652700,2012,2,1
652700,2010,1,1
652700,2022,1,1
652700,2017,1,1
652700,2006,1,1
654000,2007,2,1
542500,2010,3,3
542500,2012,2,2
542500,2009,2,2
542500,2016,3,2
542500,2022,1,1
542500,2014,1,1
542500,2006,1,1
652700,2020,1,1
542500,2002,2,2
652900,2011,2,1
653200,2015,1,1
540200,2019,36,24
652900,2012,3,3
542500,2013,1,1
653200,2002,1,1
654200,2019,69,47
654200,2023,106,59
652900,2022,2,1
540200,2017,7,4
654200,2021,51,31
654200,2018,77,28
654200,2013,1,1
654200,2022,33,17
654200,2017,35,13
652800,2020,7,3
540200,2005,6,6
540200,2023,63,35
652800,2023,21,15
652800,2021,24,23
652800,2019,35,25
652800,2016,10,10
540200,2004,8,4
654200,2010,3,3
652800,2014,11,10
540200,2007,48,19
652800,2012,7,7
652800,2022,3,2
652800,2018,80,40
652800,2010,1,1
652800,2015,4,4
654000,2020,3,2
652800,2005,3,3
652800,2008,4,2
654200,2020,2,2
654200,2015,4,3
654200,2007,1,1
650200,2021,49,23
650200,2011,4,2
659010,2018,16,7
650200,2022,19,6
650200,2023,62,25
650200,2018,35,12
659010,2021,8,7
659010,2023,16,5
650200,2019,76,22
650200,2020,43,10
650200,2007,2,2
650200,2017,27,9
659010,2019,2,1
659010,2022,3,1
659010,2015,1,1
654000,2013,1,1
650200,2006,2,2
659010,2014,1,1
652800,2017,8,4
650200,2016,9,4
540200,2020,98,34
540200,2018,74,37
540200,2021,88,47
540200,2022,2,2
659006,2018,2,1
650200,2014,2,2
650200,2015,1,1
652800,2013,16,6
654300,2019,78,56
650200,2008,4,2
652300,2011,13,6
652300,2018,96,33
652300,2021,23,12
652300,2019,44,18
652300,2023,63,28
652300,2012,8,7
654300,2007,13,12
652800,2007,11,4
654300,2023,295,138
652800,2011,5,3
654200,2011,9,3
659001,2023,8,7
659001,2021,11,8
654200,2016,10,2
654200,2014,2,1
540200,2014,5,4
540200,2009,18,10
540200,2013,4,3
540200,2015,8,7
540200,2011,5,5
659001,2022,1,1
659001,2018,17,8
659001,2017,2,1
659001,2011,4,1
654300,2021,201,103
652300,2014,6,5
652300,2017,26,9
652300,2020,4,3
652300,2022,32,11
652300,2010,4,3
654300,2022,104,57
654300,2018,154,69
654300,2017,75,30
654300,2012,15,10
654300,2015,17,16
654300,2010,4,3
654200,2008,2,1
654300,2016,44,18
540200,2016,14,5
540600,2022,10,4
540600,2023,10,8
540600,2020,2,2
652800,2003,2,2
540200,2010,5,3
654300,2014,17,13
654300,2011,27,13
540200,2002,1,1
654300,2008,14,6
650100,2012,9,9
654300,2013,1,1
650100,2018,91,35
650100,2016,51,21
650100,2023,69,42
650100,2017,44,16
650100,2015,4,2
650100,2022,11,6
650100,2008,9,5
650100,2014,11,6
650100,2021,66,45
650100,2019,38,24
650100,2013,11,6
650100,2007,4,4
650100,2010,4,3
650100,2020,8,8
652300,2007,4,2
540600,2015,1,1
654300,2020,8,6
654300,2006,1,1
650100,2011,5,4
650100,2003,1,1
659004,2017,2,1
659004,2014,1,1
659004,2010,1,1
659004,2008,2,1
650100,2006,2,2
659005,2022,7,1
659005,2019,6,5
659005,2023,7,1
659005,2021,11,1
659005,2014,2,1
659005,2016,4,3
659005,2017,2,1
659005,2018,4,2
650100,2002,2,2
659004,2023,2,1
650100,2005,1,1
659004,2019,6,4
659005,2008,2,1
652300,2015,1,1
659005,2005,1,1
652300,2003,3,2
652300,2016,1,1
652300,2013,10,2
652300,2004,1,1
652300,2002,1,1
652300,2005,1,1
650400,2019,9,6
540600,2018,5,3
659005,2007,1,1
650400,2023,7,7
650400,2014,4,2
650400,2007,4,3
650400,2012,9,7
650400,2005,2,2
650400,2011,4,4
650400,2015,2,1
650400,2017,2,2
650400,2002,1,1
650400,2021,1,1
650400,2018,2,2
650400,2010,1,1
540500,2020,25,7
650400,2022,1,1
540100,2021,55,17
540500,2022,15,9
540500,2014,3,3
540500,2018,23,18
540500,2011,4,4
540100,2005,8,8
540500,2015,14,6
540500,2017,20,10
540500,2006,1,1
540500,2016,7,5
540500,2019,7,7
540500,2010,4,4
540500,2021,84,51
540500,2023,17,13
540500,2004,2,2
652300,2006,10,1
540100,2018,115,51
540500,2013,4,2
540600,2013,1,1
540100,2023,53,25
540100,2019,49,22
540500,2009,2,2
540100,2011,25,19
632800,2020,47,28
540100,2022,22,8
540500,2005,1,1
540100,2002,8,6
540100,2017,34,14
540100,2015,34,19
540500,2002,1,1
540100,2013,35,14
632800,2023,92,56
632800,2019,53,25
540100,2007,51,16
540100,2016,25,14
540100,2010,16,9
540100,2006,13,10
540100,2009,13,8
632800,2010,15,7
632800,2007,12,8
540100,2014,23,13
540100,2004,43,30
540100,2008,21,19
540100,2020,46,14
540100,2012,1,1
540100,2003,1,1
650500,2023,18,18
540600,2011,2,2
540600,2019,3,3
540600,2010,2,2
632800,2021,93,45
540600,2021,18,6
632800,2015,7,6
632800,2012,20,9
632800,2008,3,3
632800,2006,4,4
540600,2004,2,2
540600,2016,3,1
632800,2005,7,7
632800,2011,5,4
632800,2018,105,57
632800,2022,62,32
540400,2018,57,20
540400,2011,8,8
540400,2002,2,2
540400,2010,2,2
540400,2017,16,13
540400,2020,135,44
632800,2013,45,19
540400,2014,5,5
540400,2009,8,4
540400,2021,525,185
632700,2019,60,34
650500,2019,2,2
650500,2022,4,4
620900,2015,5,5
620900,2007,7,4
620900,2023,19,10
632700,2010,27,15
632700,2023,149,39
540300,2022,14,7
632700,2015,10,9
620900,2019,16,13
620900,2022,3,2
632700,2014,79,52
632700,2018,188,107
632700,2016,63,12
540400,2013,6,5
540400,2019,24,7
632700,2022,195,48
632700,2017,176,69
632700,2020,80,41
632700,2021,128,45
540400,2023,204,74
540400,2015,6,5
632800,2004,17,12
632800,2014,43,29
540400,2007,20,6
632700,2013,14,8
620900,2020,9,7
540400,2022,191,75
620900,2014,4,2
540400,2016,5,5
650500,2021,3,1
650500,2020,1,1
620900,2013,6,3
620900,2012,5,4
620900,2021,3,2
620900,2011,7,6
620900,2018,2,2
620900,2004,1,1
650500,2017,1,1
540300,2004,5,5
540300,2021,6,5
540400,2004,1,1
540300,2023,6,5
540300,2020,5,5
540300,2019,1,1
632700,2006,19,11
540300,2014,2,1
632700,2002,28,15
632700,2009,16,10
632700,2005,8,5
632700,2008,5,4
632700,2007,27,11
632700,2012,20,10
632700,2004,34,19
632800,2017,40,18
540300,2007,4,2
513300,2023,88,48
533100,2020,502,125
533100,2021,226,91
533100,2023,1022,240
533100,2018,480,132
533100,2019,651,185
533100,2017,419,129
533100,2016,140,49
632800,2016,59,14
533100,2012,31,18
533100,2015,204,73
533100,2014,112,33
533100,2013,47,30
533100,2008,61,30
533100,2022,103,31
533100,2009,18,7
533100,2010,8,4
533100,2007,25,6
533100,2011,10,6
533100,2004,1,1
632600,2018,16,16
620700,2010,1,1
632600,2002,8,5
632600,2016,9,4
632600,2017,16,13
632600,2008,2,2
533100,2003,4,3
513300,2021,32,15
533100,2002,4,1
632600,2022,4,3
533100,2006,2,2
513300,2016,37,29
632600,2023,12,12
632600,2021,6,6
533100,2005,1,1
540300,2008,1,1
513300,2010,24,13
632600,2014,16,14
632600,2004,12,6
632600,2006,1,1
513300,2022,36,25
530500,2019,450,142
513300,2018,82,48
513300,2017,94,38
632600,2010,3,1
632600,2012,2,2
530500,2016,164,46
632600,2005,2,1
620200,2012,3,3
620200,2015,1,1
632600,2007,19,9
620200,2023,2,2
620200,2019,3,2
620200,2018,1,1
620200,2020,4,4
533300,2014,27,13
620200,2007,1,1
530500,2023,444,135
533300,2015,79,43
533300,2016,78,17
533300,2021,21,6
533300,2023,15,3
533300,2020,20,9
533300,2018,10,6
533300,2013,5,3
632200,2019,43,35
530500,2005,3,2
530500,2022,167,53
530500,2017,175,55
530500,2018,370,84
530500,2020,341,79
530500,2009,9,4
530500,2013,44,16
530500,2011,3,3
632200,2016,22,11
530500,2021,140,41
530500,2008,51,17
530500,2015,142,52
530500,2003,5,2
530500,2014,114,33
530500,2012,11,5
530500,2007,22,6
530500,2006,5,4
540300,2016,1,1
632600,2019,6,5
533300,2019,18,16
533300,2012,2,2
533300,2022,2,2
533300,2007,5,1
533300,2017,4,4
632600,2020,3,2
530500,2002,12,9
533300,2002,3,3
632800,2002,5,5
533400,2013,41,24
533400,2012,17,12
533400,2014,23,18
533400,2011,57,31
530500,2004,1,1
533400,2019,63,31
533400,2022,43,17
533400,2017,30,16
533400,2020,81,39
533400,2021,70,40
533400,2018,102,48
533400,2003,13,13
533400,2016,29,22
620700,2009,1,1
533400,2023,89,35
530500,2010,4,1
533400,2005,10,10
533300,2003,7,1
533400,2002,13,6
533400,2008,21,17
533400,2007,12,8
533400,2015,14,11
513300,2019,86,41
533400,2010,16,9
513300,2020,46,31
530900,2023,19,16
632800,2009,3,1
532900,2022,110,59
532900,2023,289,110
532900,2018,150,81
532900,2008,13,9
532900,2019,133,64
513300,2002,2,1
632500,2018,138,77
632500,2011,14,10
632500,2013,60,20
632500,2005,20,14
632500,2012,20,8
632500,2006,8,6
632500,2014,78,46
632500,2021,117,40
632500,2010,26,12
532900,2013,34,20
530900,2020,4,4
632500,2020,121,44
632500,2004,45,25
632500,2016,74,26
632500,2017,155,62
632500,2002,28,15
632500,2008,11,7
632500,2022,80,29
632500,2019,144,56
632500,2023,109,49
632500,2007,35,13
632500,2015,23,15
632200,2022,45,29
632200,2021,55,38
632200,2018,25,21
532900,2020,78,32
620700,2015,2,2
530800,2023,65,30
530700,2015,40,16
530700,2016,38,28
530700,2023,109,43
530700,2013,48,25
530700,2022,44,23
530700,2021,45,24
530700,2019,60,33
533400,2009,3,3
533400,2006,4,4
530700,2017,51,40
530700,2008,18,9
533400,2004,3,1
632200,2023,159,58
530700,2020,43,20
530800,2019,24,13
632200,2005,1,1
620700,2011,13,4
632200,2002,3,2
632200,2020,60,39
632200,2008,2,2
632200,2017,21,10
632200,2007,2,2
530700,2007,13,7
532900,2021,177,54
530700,2005,21,13
532900,2009,19,7
532900,2016,91,49
532900,2015,43,29
513300,2003,4,3
532900,2010,11,6
632200,2011,3,3
532900,2017,65,36
513300,2015,35,25
632200,2015,9,7
632200,2003,1,1
632200,2014,3,2
632200,2004,3,2
632200,2013,3,1
632200,2012,3,3
632200,2010,2,2
620700,2020,2,2
530800,2013,14,9
530700,2012,25,10
532900,2014,10,10
530700,2010,18,11
530700,2003,25,9
530700,2011,10,6
530700,2018,35,21
530800,2022,38,16
620700,2018,6,5
620700,2023,9,7
620700,2019,10,6
513300,2012,13,10
530800,2020,15,9
532900,2012,17,12
620700,2021,7,3
532900,2003,8,3
530700,2009,27,14
530700,2014,9,7
530700,2006,11,9
532900,2011,6,4
530700,2004,6,4
532900,2006,7,7
530900,2012,2,2
532900,2002,11,8
530700,2002,17,6
513300,2007,4,4
513300,2008,7,7
513300,2011,7,5
532900,2005,5,4
532900,2007,1,1
532800,2019,202,64
532800,2022,202,42
513300,2005,2,2
532800,2023,579,137
632500,2009,2,2
620700,2022,10,5
620700,2005,1,1
620700,2007,2,2
620700,2016,1,1
530800,2016,11,8
632600,2013,8,4
532800,2018,92,25
532800,2012,73,14
532800,2014,43,19
532800,2017,117,31
532800,2020,133,29
532800,2016,95,30
532800,2006,16,10
513400,2012,8,8
532800,2002,28,9
532800,2011,12,5
532800,2003,5,4
532800,2010,6,4
532800,2013,34,15
513400,2018,10,5
532800,2021,90,21
532800,2007,5,4
513400,2023,45,27
513400,2020,5,5
513400,2013,3,2
532800,2015,10,3
532800,2009,9,4
532800,2008,5,4
513400,2019,22,18
530800,2017,2,2
152900,2021,18,10
530800,2015,1,1
152900,2017,9,6
152900,2022,26,14
630100,2012,6,5
630100,2022,107,31
630100,2017,162,55
630100,2016,81,19
630100,2011,28,12
630100,2013,11,9
630100,2007,27,12
630100,2021,102,33
530800,2018,7,2
532300,2002,3,2
630100,2019,129,44
530800,2009,4,1
630100,2014,20,18
513300,2006,2,2
532300,2018,21,2
532300,2006,1,1
152900,2014,1,1
630100,2018,243,68
630100,2004,20,14
532300,2012,4,4
532800,2005,1,1
510400,2014,1,1
510400,2013,1,1
630100,2002,8,7
152900,2023,37,10
630100,2020,93,32
620700,2017,1,1
532300,2023,110,34
630100,2015,9,9
532300,2016,22,6
630100,2009,2,2
530800,2006,2,2
530400,2019,31,15
530400,2018,25,10
530400,2008,5,2
513300,2009,4,4
630100,2010,26,8
630100,2023,165,47
532300,2013,11,5
532300,2020,18,7
532300,2022,31,13
532300,2017,5,5
532300,2015,14,9
532300,2010,1,1
532300,2019,9,3
532300,2014,7,3
532300,2021,10,1
532300,2008,3,1
532300,2007,2,2
632300,2023,6,6
513300,2014,79,40
530800,2012,1,1
530400,2012,11,10
510400,2022,1,1
630100,2005,9,8
510400,2017,4,4
510400,2023,1,1
632300,2017,4,3
530400,2023,33,13
513200,2016,473,215
513200,2023,313,103
513400,2011,3,2
630100,2008,3,1
630100,2006,5,2
623000,2017,39,25
630200,2022,25,13
630200,2020,42,22
632300,2013,2,2
510400,2012,1,1
510400,2010,1,1
513200,2017,489,171
630200,2018,39,26
630200,2017,13,9
510400,2007,1,1
630200,2011,2,2
630200,2006,2,1
630200,2012,7,4
630200,2010,4,3
632300,2016,2,1
632300,2020,8,8
632300,2018,6,6
623000,2021,32,19
630200,2004,12,4
632300,2021,5,4
630200,2014,52,31
630200,2023,23,17
513400,2014,15,8
630200,2019,39,14
632300,2022,1,1
630200,2015,5,3
630200,2021,44,20
630200,2005,4,4
513200,2007,73,38
513300,2013,7,2
513400,2021,6,4
513200,2018,594,282
632300,2008,2,2
632300,2019,8,7
623000,2009,8,5
630200,2007,9,4
532300,2011,1,1
623000,2019,155,61
623000,2018,75,32
623000,2023,46,24
530400,2004,2,1
530400,2017,8,7
513200,2002,126,40
620300,2018,1,1
630200,2013,11,5
630200,2002,3,2
630200,2008,2,1
623000,2015,16,11
513200,2022,94,33
513200,2006,77,27
513200,2019,639,193
513200,2020,213,68
513200,2014,255,137
513200,2021,220,67
513400,2022,3,3
513400,2007,1,1
513400,2016,10,9
513400,2015,1,1
513200,2013,189,82
513200,2015,218,83
511800,2018,168,66
513200,2011,114,54
513200,2004,46,17
513200,2012,84,37
513200,2010,86,26
511800,2014,98,48
511800,2019,315,39
630200,2009,2,2
511800,2023,128,38
511800,2017,128,35
511800,2012,21,6
632300,2015,1,1
511800,2016,119,50
511800,2015,61,15
623000,2020,49,22
623000,2016,16,9
623000,2014,21,5
623000,2013,9,4
623000,2012,9,6
623000,2022,49,20
530100,2012,34,23
511800,2021,124,44
532500,2023,75,27
511800,2020,164,64
511800,2013,39,13
511800,2007,3,2
511800,2009,6,2
623000,2006,2,2
623000,2007,5,2
513200,2008,39,33
530100,2022,68,34
530100,2009,20,13
152900,2007,4,4
530100,2008,20,10
511800,2022,76,25
630200,2016,11,3
530100,2013,45,22
623000,2010,1,1
623000,2011,1,1
623000,2002,2,2
620600,2022,1,1
530100,2019,307,95
530100,2020,165,71
530100,2021,84,34
513200,2005,24,13
530100,2005,12,9
532500,2020,32,14
530100,2017,240,85
530100,2023,231,82
530100,2002,34,17
530100,2014,45,21
530100,2006,12,8
530100,2018,207,45
530100,2003,12,7
530100,2011,20,10
530100,2015,68,38
530100,2016,76,38
530100,2010,23,14
530100,2007,14,9
530100,2004,12,6
620600,2020,4,4
620600,2011,1,1
620600,2023,1,1
511800,2010,1,1
511800,2011,16,10
511800,2006,7,5
620100,2020,69,26
532500,2021,11,8
622900,2004,1,1
532500,2017,9,8
532500,2008,2,2
532500,2019,5,3
622900,2023,20,13
530400,2013,2,1
530400,2020,7,4
513200,2009,8,6
530400,2021,13,6
513200,2003,11,4
530400,2022,9,1
511400,2020,18,9
511400,2014,2,2
511400,2009,17,5
511400,2011,55,9
511400,2010,46,8
511400,2007,19,8
511400,2012,2,2
511400,2018,7,5
511400,2008,33,29
530400,2014,1,1
511400,2023,128,28
511400,2022,46,12
511400,2004,7,3
511400,2021,47,10
511400,2006,20,4
511400,2005,2,2
511400,2017,2,2
511400,2019,6,4
511100,2023,22,13
511400,2016,5,2
511400,2002,2,2
511100,2018,39,12
511100,2019,37,20
622900,2002,1,1
622900,2007,1,1
510100,2020,311,111
510100,2021,348,113
532500,2014,2,2
510100,2022,672,168
510100,2013,78,44
510100,2023,612,191
510100,2017,286,113
530600,2023,5,5
622900,2019,1,1
620100,2012,10,6
532500,2006,2,1
510100,2019,290,101
530300,2023,9,9
622900,2009,1,1
511100,2005,9,6
530300,2017,7,6
530300,2018,1,1
530300,2021,6,5
511100,2017,32,12
530300,2015,3,3
511100,2015,23,14
511100,2007,17,10
511100,2012,19,7
530600,2015,1,1
622900,2020,3,3
622900,2017,1,1
530600,2019,5,3
530600,2007,1,1
511100,2013,40,11
511100,2016,13,7
511100,2014,51,22
511100,2010,23,10
511100,2008,34,21
511100,2003,4,4
511100,2002,75,12
511100,2006,20,6
511100,2021,32,16
511100,2009,6,3
510100,2014,116,58
511400,2013,1,1
511100,2022,34,11
511100,2020,18,9
511100,2004,12,5
532500,2015,5,2
532500,2013,2,2
510100,2018,286,117
532500,2018,11,3
510100,2016,213,84
510100,2015,130,60
510100,2012,55,35
510100,2004,11,5
510100,2002,36,18
510100,2011,21,17
510100,2006,14,9
510100,2005,14,10
510100,2007,21,12
620100,2023,117,39
510100,2008,20,16
530300,2014,1,1
510100,2010,26,15
510100,2003,3,3
510100,2009,16,11
620100,2019,61,23
620100,2022,30,14
620100,2021,18,10
532500,2016,3,1
532500,2022,2,1
620100,2016,12,11
511400,2015,2,1
511500,2015,4,3
620100,2011,9,4
621100,2019,1,1
623000,2008,1,1
621100,2017,1,1
511500,2014,18,7
622900,2018,1,1
622900,2012,6,1
511100,2011,3,2
620100,2018,7,4
511500,2018,16,6
620100,2015,7,5
620100,2010,2,2
620100,2009,4,4
620100,2017,9,7
620100,2007,1,1
621100,2016,2,1
620100,2002,1,1
620100,2013,11,6
621100,2023,6,3
532600,2017,4,4
510700,2021,130,50
510700,2023,27,22
621100,2014,1,1
620100,2014,6,4
520500,2015,4,4
511500,2022,14,6
511500,2021,14,11
511500,2023,18,7
532500,2012,1,1
511500,2020,43,10
510700,2020,66,35
511500,2003,2,2
510700,2013,9,3
510700,2012,4,2
510700,2015,18,15
510700,2018,109,73
511500,2013,13,9
511500,2005,5,2
511500,2006,4,1
511500,2011,8,1
511500,2017,10,10
511500,2012,1,1
532600,2019,5,3
510700,2017,50,32
510600,2010,4,3
510600,2019,14,4
530300,2009,1,1
510700,2002,9,4
620400,2007,1,1
532600,2020,8,8
532600,2021,30,12
532600,2023,8,7
510600,2023,39,10
510600,2021,32,13
510600,2020,41,15
510700,2019,51,33
510700,2006,3,1
510700,2007,4,2
510700,2010,3,3
510600,2018,18,9
520500,2022,16,9
510600,2017,12,8
510600,2022,33,15
520500,2019,7,3
520500,2023,6,4
520500,2016,6,1
520500,2018,6,2
520500,2002,1,1
520500,2009,1,1
520500,2017,1,1
520500,2007,2,2
520500,2014,1,1
520500,2010,3,2
510600,2006,1,1
510600,2016,17,4
510600,2011,1,1
510600,2015,5,4
510600,2002,1,1
510600,2007,3,2
510600,2008,1,1
520500,2008,2,1
520500,2013,1,1
532600,2006,4,2
510700,2016,7,7
530300,2004,2,1
520500,2012,1,1
510300,2020,4,3
510700,2014,6,5
621200,2023,38,19
152900,2018,43,14
152900,2019,25,13
621200,2013,1,1
510600,2013,2,2
621200,2022,8,6
520200,2019,26,26
640500,2018,11,3
520200,2023,1,1
520200,2017,1,1
621100,2013,1,1
520200,2018,5,5
512000,2021,8,3
512000,2020,8,4
512000,2022,9,5
512000,2017,2,2
510800,2018,102,32
510800,2023,66,17
532600,2018,7,7
510300,2017,3,3
510800,2015,35,6
510800,2017,23,13
510800,2020,62,12
510800,2021,77,21
510800,2016,41,14
510800,2022,27,4
510800,2019,82,16
510700,2022,5,4
510800,2014,15,4
510300,2022,2,1
510300,2023,10,7
510800,2007,3,1
510800,2013,17,4
510800,2011,3,1
510800,2012,4,1
522300,2023,3,3
532600,2022,1,1
640500,2021,14,3
532600,2013,1,1
510300,2016,1,1
520200,2022,1,1
640500,2007,4,2
511000,2022,1,1
511000,2017,3,3
451000,2019,59,19
451000,2022,275,24
522300,2004,2,2
640500,2019,6,4
522300,2020,5,4
522300,2022,2,1
152900,2020,10,10
511000,2016,5,4
152900,2006,2,1
640500,2022,4,4
511000,2023,2,2
621200,2014,1,1
532600,2016,1,1
511000,2021,5,4
511000,2011,1,1
640500,2013,3,3
640500,2017,1,1
640500,2020,1,1
640500,2015,5,5
451000,2021,446,59
511000,2020,6,4
511000,2019,4,3
640500,2014,2,2
510900,2019,6,6
152900,2015,5,2
511000,2018,1,1
510900,2017,5,4
510900,2018,6,6
620500,2021,7,4
150800,2017,9,8
510500,2019,1,1
522300,2017,1,1
5e+05,2017,118,105
510900,2023,1,1
640400,2015,1,1
451000,2023,491,83
610700,2017,29,19
5e+05,2022,115,48
510900,2013,2,1
5e+05,2023,187,101
522300,2012,1,1
152900,2012,4,2
520300,2021,31,16
520400,2021,7,3
520400,2014,4,2
520400,2019,5,5
520400,2013,1,1
520400,2016,5,2
520400,2018,4,3
520400,2012,5,3
520400,2023,5,3
520400,2020,8,7
520400,2022,12,8
520300,2019,20,11
520300,2018,27,20
520300,2015,2,2
5e+05,2015,34,26
451000,2014,65,12
5e+05,2013,8,8
620500,2006,2,2
5e+05,2018,70,50
522300,2019,5,5
510500,2022,1,1
640100,2019,43,17
5e+05,2020,74,30
510800,2002,2,1
522300,2016,3,3
520300,2017,7,7
620500,2023,17,7
520300,2020,2,2
640100,2023,40,21
640100,2022,32,19
640100,2007,3,3
640100,2018,25,17
640100,2015,5,4
640100,2021,30,19
640100,2020,21,16
640100,2002,1,1
640100,2017,8,7
640300,2011,2,2
520400,2004,3,1
511300,2017,5,5
511300,2015,3,2
451000,2006,2,2
520300,2022,5,4
520300,2023,63,21
640300,2007,1,1
640300,2021,1,1
640200,2020,3,1
640200,2023,9,7
640100,2012,2,1
620500,2020,2,1
511300,2019,2,2
520400,2017,1,1
511300,2006,1,1
640300,2013,4,4
640200,2012,1,1
640200,2011,1,1
640300,2022,1,1
640100,2014,3,2
640400,2021,18,17
640400,2023,6,6
5e+05,2021,94,41
610700,2007,35,18
640100,2016,1,1
640400,2019,14,3
5e+05,2019,95,56
610700,2018,67,44
520100,2019,87,27
451000,2020,49,15
620800,2023,3,3
640300,2014,1,1
510500,2013,1,1
5e+05,2016,37,26
520400,2015,1,1
640300,2015,2,2
640200,2022,3,2
640200,2017,3,2
640200,2021,6,3
640200,2018,1,1
640200,2019,1,1
640100,2011,1,1
520100,2018,69,35
451000,2002,1,1
451000,2017,24,9
451000,2012,1,1
451000,2015,47,15
610700,2023,87,49
520300,2014,10,4
5e+05,2008,17,7
520100,2015,8,6
520100,2017,10,9
520100,2016,3,3
520100,2020,91,47
5e+05,2006,9,4
640400,2020,1,1
451000,2016,32,8
451000,2013,2,2
520100,2021,92,51
520100,2022,137,44
520100,2023,90,43
5e+05,2010,20,11
5e+05,2014,11,8
5e+05,2011,8,8
5e+05,2007,9,7
150800,2023,5,2
5e+05,2002,19,13
150600,2021,4,4
511300,2022,4,4
511300,2021,3,2
511300,2023,9,7
5e+05,2012,2,2
5e+05,2009,5,3
522700,2020,9,7
451400,2021,95,36
451400,2019,262,85
451400,2018,80,22
451400,2020,63,36
620800,2020,3,3
451400,2023,228,67
451400,2022,41,13
451000,2018,21,6
5e+05,2004,1,1
520100,2008,8,2
520100,2012,3,2
522700,2015,7,4
522700,2018,5,4
520100,2004,7,2
451400,2013,14,9
520100,2009,1,1
520100,2014,2,2
520100,2006,1,1
610300,2018,6,4
522700,2023,19,17
511600,2016,1,1
451400,2014,17,7
150300,2021,1,1
520300,2016,10,4
150300,2019,1,1
522700,2021,11,8
511900,2020,11,4
511900,2018,5,4
522700,2022,20,6
522700,2019,5,5
522700,2017,1,1
5e+05,2003,3,3
150600,2020,3,1
520300,2008,34,3
520300,2012,10,2
451400,2015,42,15
451400,2016,18,7
451400,2017,46,6
451400,2011,9,3
451400,2009,5,3
451400,2008,1,1
451400,2006,4,2
451400,2012,1,1
511900,2017,8,6
610300,2021,1,1
610700,2019,41,28
150800,2013,1,1
610700,2021,70,36
610700,2014,34,24
511900,2019,4,4
640300,2023,1,1
150600,2007,1,1
150600,2023,4,4
610300,2023,4,3
640300,2019,1,1
511900,2016,3,3
511900,2023,5,3
511900,2014,1,1
610300,2017,5,5
610300,2020,2,2
520300,2006,5,3
520300,2010,1,1
511900,2021,5,5
610300,2016,1,1
610300,2019,9,6
511900,2022,4,1
511900,2006,1,1
621000,2023,2,2
610700,2011,37,13
610700,2020,44,24
610300,2022,1,1
511900,2009,1,1
522700,2012,1,1
610700,2013,41,15
610700,2016,21,8
610700,2010,41,14
451400,2002,1,1
610700,2015,11,9
610700,2009,18,8
610700,2008,2,2
610700,2012,11,6
610700,2022,12,7
610700,2002,11,4
610700,2006,15,7
450100,2022,29,17
610300,2011,1,1
450100,2021,34,20
450100,2020,29,21
610300,2007,11,7
610400,2020,4,3
451400,2010,1,1
610100,2017,212,55
610300,2015,1,1
522600,2020,13,10
610100,2006,17,11
511700,2018,8,5
610300,2004,1,1
522600,2023,10,7
450600,2005,25,2
522700,2007,3,1
450600,2016,11,6
610300,2008,2,1
621000,2012,1,1
450600,2023,10,7
450600,2019,8,4
450600,2014,1,1
450600,2015,1,1
522600,2019,11,6
450600,2021,15,13
522600,2002,2,2
450100,2019,19,16
610100,2011,27,16
520600,2019,26,13
522600,2012,1,1
610100,2005,3,1
610100,2021,18,17
610100,2007,24,16
610100,2014,35,22
610100,2002,6,4
520600,2018,27,13
610100,2008,22,14
522600,2022,12,4
610400,2023,21,16
150600,2004,1,1
522700,2016,1,1
610900,2021,2,2
610400,2013,4,3
610400,2007,1,1
610400,2022,1,1
522600,2004,1,1
610100,2013,41,19
520600,2016,3,2
450600,2013,2,2
450600,2018,8,4
610400,2018,7,7
511700,2019,3,3
610900,2017,2,2
522600,2018,5,4
450100,2023,46,21
450100,2018,14,10
450100,2015,13,9
450100,2013,18,10
522600,2021,1,1
610400,2006,2,1
610400,2019,5,5
610900,2007,1,1
610900,2010,4,1
450600,2007,1,1
520600,2021,11,5
610400,2012,1,1
520600,2015,5,3
450100,2011,2,1
450100,2014,11,7
450100,2016,5,4
450100,2004,3,3
450100,2017,7,5
520600,2023,5,5
610900,2015,4,4
450100,2006,2,2
610100,2012,22,14
610100,2018,236,57
450100,2005,1,1
610100,2019,193,58
450600,2020,16,4
450100,2007,2,2
450100,2012,2,2
450100,2009,2,1
610100,2015,31,20
610900,2011,2,2
610900,2016,1,1
610900,2023,2,2
150600,2013,5,5
451200,2020,9,6
451200,2012,1,1
450700,2023,7,4
450100,2003,1,1
451200,2021,1,1
451200,2011,1,1
610100,2010,18,13
522600,2016,1,1
522600,2010,2,1
450700,2002,2,1
451300,2023,10,8
450200,2003,1,1
469007,2017,8,6
469007,2023,30,9
469007,2020,3,2
469007,2022,23,8
469007,2018,9,3
469007,2021,2,1
469007,2004,2,2
469007,2019,3,2
611000,2020,8,6
611000,2018,3,3
611000,2014,1,1
450200,2020,9,8
469026,2021,17,8
469007,2016,2,1
422800,2018,5,4
469026,2018,35,15
520600,2022,24,5
520600,2014,3,3
520600,2017,11,6
469027,2019,51,18
469027,2021,152,25
469027,2023,229,47
450700,2015,2,2
469026,2023,22,6
469027,2020,46,5
469027,2022,175,10
469027,2018,70,17
469027,2017,45,13
469027,2015,6,3
450700,2018,3,2
610400,2017,2,2
610100,2020,27,19
610400,2016,2,2
610400,2004,1,1
150800,2019,3,3
610400,2021,2,2
610100,2023,78,49
5e+05,2005,1,1
150800,2015,3,2
610400,2014,1,1
610200,2021,1,1
469027,2014,24,5
450700,2021,3,3
450700,2022,2,1
450700,2019,8,4
469027,2010,20,6
450700,2014,1,1
522600,2015,6,2
469027,2016,21,3
469026,2022,34,8
469026,2016,13,3
469026,2013,6,2
469026,2017,8,3
469026,2019,8,4
469026,2020,8,2
469026,2014,3,2
469026,2015,6,4
150800,2021,2,2
150800,2012,1,1
150800,2010,3,2
150800,2018,2,1
450500,2022,40,14
469027,2012,14,3
469027,2009,12,2
469027,2013,20,1
469027,2011,1,1
469027,2007,8,1
469027,2006,2,1
469027,2002,1,1
610100,2016,24,16
450500,2023,82,24
450500,2019,75,38
610100,2022,10,9
610100,2009,18,9
611000,2022,3,3
611000,2016,1,1
610100,2004,6,4
150600,2016,11,4
150600,2015,14,4
150600,2019,18,15
422800,2015,4,4
460200,2023,128,56
460200,2010,9,5
611000,2007,1,1
450500,2017,9,6
450500,2015,6,6
522600,2011,1,1
450500,2013,2,2
450500,2020,54,15
450500,2018,25,5
450500,2014,18,5
450500,2021,43,13
450500,2016,6,4
469007,2003,1,1
469025,2023,7,2
469025,2018,1,1
469025,2022,8,2
469026,2012,3,2
469026,2004,6,1
469026,2003,3,1
469026,2009,1,1
469026,2005,1,1
469026,2010,1,1
469026,2007,1,1
469026,2006,3,1
469026,2008,1,1
469026,2002,1,1
469025,2017,8,3
469007,2007,1,1
460200,2009,3,2
450200,2019,4,3
610900,2014,2,1
422800,2023,5,5
460400,2023,92,39
422800,2021,9,9
522600,2007,1,1
611000,2015,1,1
611000,2021,1,1
422800,2022,9,7
460200,2006,8,3
460200,2019,21,19
460400,2019,3,3
460400,2017,3,3
460400,2021,99,50
460400,2022,74,30
460400,2020,3,3
610100,2003,3,2
431200,2015,7,7
610800,2018,4,4
433100,2023,8,5
469025,2005,7,1
469025,2006,2,1
469025,2014,2,1
469025,2009,2,1
469025,2012,3,1
469025,2007,4,2
469025,2003,1,1
469025,2008,1,1
469025,2013,1,1
610500,2014,5,5
460200,2018,19,18
460200,2021,11,9
460200,2022,56,41
450200,2022,7,7
450200,2015,4,4
450200,2018,6,3
460200,2020,16,12
450200,2023,20,13
450200,2021,3,2
450200,2017,1,1
450200,2016,2,1
610500,2016,4,3
610500,2013,1,1
610500,2012,10,9
610500,2023,14,12
610200,2023,1,1
610500,2017,11,9
610500,2018,2,2
469029,2018,2,2
469029,2017,1,1
469029,2006,2,2
610800,2006,5,5
422800,2020,2,1
469025,2015,2,2
610600,2023,3,2
150200,2021,5,3
451300,2022,21,20
610900,2022,1,1
469025,2019,2,2
433100,2009,2,2
433100,2022,3,3
460200,2016,12,10
460200,2017,25,9
422800,2013,1,1
422800,2014,1,1
469001,2022,2,2
469001,2021,8,7
469001,2015,1,1
469001,2013,2,1
460200,2012,3,3
460200,2007,2,2
460200,2014,2,2
469001,2018,3,1
469024,2022,7,2
469024,2021,5,4
469030,2019,2,1
469030,2018,2,2
433100,2011,1,1
450800,2019,6,4
469030,2017,5,1
460400,2018,2,2
469030,2023,8,7
460400,2015,1,1
610500,2020,2,2
433100,2015,2,2
469024,2023,1,1
433100,2021,2,2
433100,2018,1,1
433100,2019,2,2
433100,2013,1,1
469001,2008,1,1
451300,2021,28,19
451300,2020,6,6
469001,2023,3,2
469030,2021,3,2
469029,2008,1,1
469029,2023,2,1
469029,2009,1,1
469029,2013,1,1
451300,2018,2,2
451300,2019,7,4
433100,2020,1,1
460400,2007,1,1
460400,2009,1,1
440800,2021,19,10
469029,2010,1,1
469001,2006,1,1
440800,2017,37,31
469001,2019,3,1
440800,2019,33,24
440800,2020,54,27
469029,2019,2,2
450900,2015,1,1
431200,2011,1,1
450900,2016,5,5
440800,2022,17,12
469029,2022,1,1
469029,2021,1,1
431200,2020,3,3
440800,2014,3,3
469030,2022,1,1
440800,2016,52,28
150600,2018,9,5
150600,2017,6,6
469030,2020,1,1
450300,2012,16,10
450900,2023,9,7
450800,2011,3,1
450800,2012,1,1
430800,2010,45,11
460200,2008,1,1
450800,2022,2,2
430800,2013,2,2
430800,2009,10,4
150600,2006,1,1
150200,2023,14,6
440800,2018,21,12
440800,2023,26,22
150200,2019,2,2
150200,2018,5,2
150200,2017,3,3
150200,2016,1,1
469028,2019,11,9
469028,2018,1,1
469028,2020,1,1
469028,2023,9,5
469028,2010,6,6
450800,2020,1,1
469028,2021,3,1
469028,2003,1,1
450300,2022,44,30
610800,2020,1,1
610800,2007,2,1
610800,2013,2,2
610800,2012,3,1
431200,2021,21,5
469023,2015,1,1
469028,2015,1,1
433100,2017,1,1
469023,2021,33,13
469023,2022,6,2
431200,2016,27,2
469022,2006,2,1
469028,2022,6,3
431200,2018,22,1
431200,2019,10,2
431200,2017,15,2
429021,2021,22,5
469023,2023,3,3
429021,2023,151,69
450300,2011,18,10
429021,2013,3,2
450300,2015,44,31
450300,2018,85,40
450300,2005,4,3
429021,2022,27,7
450800,2023,1,1
610500,2019,7,4
610500,2015,2,1
610500,2009,1,1
610500,2002,1,1
450300,2023,55,34
610500,2004,4,4
440800,2015,11,11
610500,2011,1,1
440800,2012,1,1
469023,2018,3,2
450300,2017,31,18
429021,2018,13,9
469030,2007,1,1
450300,2019,33,25
450300,2010,33,17
429021,2017,7,4
450300,2007,11,9
460100,2022,160,45
460100,2023,130,57
450300,2014,40,22
469002,2023,2,2
460100,2018,31,20
460100,2021,71,24
460100,2015,5,5
450900,2019,1,1
460100,2012,2,2
450300,2020,16,8
450300,2016,14,10
450300,2004,10,5
450300,2013,13,7
451300,2017,5,3
469006,2019,10,9
469006,2015,1,1
469006,2021,16,8
469006,2022,12,8
469006,2016,2,2
460100,2020,22,12
460100,2017,13,13
460100,2019,21,15
469006,2023,15,9
469006,2007,1,1
460100,2013,1,1
450300,2003,10,7
450900,2017,5,4
429021,2020,10,1
429021,2019,6,4
140800,2023,7,3
140800,2021,12,8
140800,2018,1,1
422800,2019,15,7
469006,2020,1,1
450900,2018,4,3
450300,2008,17,16
450300,2002,13,5
422800,2017,7,6
422800,2007,2,2
460100,2016,6,3
460100,2014,1,1
422800,2011,3,3
422800,2002,1,1
422800,2016,1,1
422800,2008,1,1
140800,2007,1,1
450300,2006,1,1
469006,2018,2,2
469021,2022,2,2
450300,2021,13,5
430800,2016,2,2
430800,2019,24,17
430800,2020,5,5
440900,2021,4,4
440900,2019,9,9
430800,2015,5,5
430800,2021,9,6
430800,2011,4,2
430800,2022,3,2
430800,2017,11,9
430800,2014,6,5
440800,2009,1,1
430800,2012,2,2
430800,2023,6,5
141000,2018,1,1
450300,2009,2,2
469002,2020,1,1
140800,2020,6,5
430800,2018,1,1
420500,2020,11,3
430700,2013,8,4
450400,2017,7,5
450400,2019,4,2
450400,2020,3,3
450400,2018,1,1
430700,2012,12,6
469002,2013,2,2
469002,2012,1,1
460100,2003,1,1
420500,2021,13,7
420500,2022,32,11
450900,2021,1,1
430700,2016,10,5
430700,2010,7,1
440900,2017,2,2
469005,2023,1,1
611000,2013,2,1
420500,2023,40,29
469005,2022,9,7
140800,2019,4,2
420300,2021,3,3
450400,2012,3,1
420300,2022,7,6
451100,2022,2,2
469005,2021,6,4
469005,2018,2,2
420500,2017,41,34
430700,2020,2,2
420300,2023,3,3
430700,2019,6,2
430700,2022,10,6
469005,2017,1,1
420500,2015,9,7
469005,2019,2,2
440900,2023,17,13
440900,2022,8,6
141100,2022,3,3
440900,2020,8,7
440900,2012,1,1
469005,2004,1,1
141000,2021,4,4
420500,2019,24,12
420500,2013,7,5
420500,2018,16,15
150100,2022,2,2
150100,2006,3,3
420500,2007,8,3
150600,2022,2,2
420500,2002,10,5
420500,2010,3,3
420500,2016,8,8
431100,2016,9,4
430500,2016,5,2
420500,2011,5,5
420300,2020,1,1
420500,2014,3,3
431100,2002,15,2
420500,2005,2,2
450400,2022,6,2
431300,2022,1,1
420500,2008,2,1
140900,2023,9,7
411200,2023,8,4
411200,2013,3,2
150200,2015,2,1
140800,2012,2,2
140800,2010,1,1
150100,2019,2,2
411200,2020,2,2
140800,2014,2,1
140800,2008,1,1
411200,2014,4,2
411200,2011,2,2
451100,2019,1,1
420500,2012,4,4
411200,2018,2,1
411200,2015,3,3
411200,2012,2,1
411200,2019,3,3
411200,2008,2,2
440900,2015,1,1
451100,2020,2,2
440900,2016,4,4
150200,2007,1,1
140800,2011,1,1
430500,2023,1,1
431100,2015,1,1
420600,2023,1,1
141000,2023,9,8
420500,2009,3,2
150100,2023,6,6
431100,2014,2,2
450400,2023,4,3
441700,2016,21,15
141000,2014,1,1
410300,2016,6,5
150100,2016,1,1
441700,2014,3,3
440900,2018,1,1
441700,2015,6,5
431100,2017,1,1
150100,2007,3,3
141000,2017,3,3
141100,2017,14,3
141100,2018,10,4
141100,2013,15,3
141100,2014,10,3
141100,2021,11,4
141100,2005,1,1
431100,2019,1,1
451100,2023,4,4
411300,2019,8,7
140100,2022,26,12
140100,2020,27,11
411300,2023,4,3
150100,2021,2,2
431100,2023,7,5
411300,2022,6,6
421000,2019,12,7
421000,2023,23,16
421000,2017,10,8
421000,2013,3,3
150100,2018,6,4
445300,2020,4,4
150100,2015,7,3
150100,2008,1,1
430700,2021,3,2
451100,2017,1,1
410300,2023,19,12
150100,2020,4,2
441700,2021,13,7
441700,2018,4,2
441700,2020,7,3
150100,2011,1,1
410300,2021,52,15
430700,2023,6,3
150900,2023,3,3
441200,2021,20,11
460300,2023,1,1
441200,2020,12,9
441200,2023,18,7
140100,2014,4,2
430700,2018,1,1
150100,2017,1,1
441700,2019,5,4
421000,2016,3,3
421000,2018,11,8
431100,2021,7,3
431100,2022,1,1
451100,2018,16,2
410300,2022,31,15
150100,2014,1,1
441200,2007,5,2
140700,2021,7,6
141000,2020,1,1
430900,2019,10,10
140700,2020,2,2
441200,2018,14,5
430900,2021,4,2
430900,2015,1,1
441200,2017,6,5
441200,2014,10,4
441200,2013,2,1
441200,2016,8,6
441200,2010,1,1
441200,2022,19,6
441200,2015,3,3
140900,2021,7,3
140900,2022,6,5
441700,2011,2,2
152500,2014,4,2
152500,2015,11,9
140500,2023,7,4
140500,2016,4,3
140500,2021,13,8
140500,2020,32,11
420800,2023,29,20
441700,2004,1,1
152500,2018,45,22
152500,2019,16,15
152500,2009,4,1
140400,2019,156,58
140400,2023,52,26
140400,2021,17,8
141100,2020,2,2
140700,2019,13,7
140500,2019,15,8
410300,2011,4,4
420600,2022,1,1
140400,2022,5,5
430400,2023,52,35
141100,2012,15,3
140900,2013,3,3
420800,2016,64,26
420800,2018,4,3
150900,2022,3,3
141100,2015,5,4
141100,2016,10,2
141100,2011,2,1
141100,2019,9,2
141100,2023,2,1
441800,2016,10,6
410300,2017,11,5
441800,2023,17,16
431300,2019,1,1
420800,2011,2,2
420600,2019,1,1
420800,2020,5,5
421000,2002,2,2
140700,2015,4,4
140700,2016,3,3
140700,2008,1,1
140700,2013,1,1
140700,2014,3,3
140700,2012,1,1
421000,2012,1,1
420800,2021,6,6
150900,2016,3,3
420800,2012,3,2
410300,2019,29,22
420600,2020,1,1
420600,2021,1,1
410300,2018,10,9
445300,2023,2,1
440700,2015,2,2
140100,2023,38,16
140100,2021,46,14
421000,2015,1,1
421000,2003,1,1
140100,2012,1,1
410300,2010,6,4
410300,2009,5,3
410300,2008,7,4
410300,2012,4,2
410300,2014,8,7
410300,2013,2,2
410300,2007,3,3
419001,2023,2,2
150900,2015,2,2
140600,2022,2,2
421000,2020,1,1
410300,2020,5,5
430900,2018,2,2
460300,2009,1,1
460300,2019,1,1
411300,2020,1,1
460300,2020,1,1
140400,2020,1,1
440700,2017,10,7
440700,2020,19,17
430900,2020,5,2
440700,2011,1,1
140100,2018,21,15
430900,2022,3,1
441200,2019,28,7
440600,2019,134,53
430900,2011,1,1
410300,2015,2,1
441200,2002,3,3
430300,2018,9,9
410400,2019,8,5
430300,2019,8,8
140100,2016,1,1
410300,2004,1,1
440700,2023,43,31
410400,2016,4,2
410400,2017,3,1
410400,2021,4,3
410400,2022,9,6
410400,2018,15,12
140600,2023,3,3
150900,2017,3,3
140100,2017,2,2
140100,2019,5,4
140100,2015,9,9
430400,2018,4,2
460300,2018,1,1
430300,2007,1,1
441800,2019,9,3
440700,2019,26,22
440700,2010,1,1
430400,2019,4,3
430400,2017,5,5
440700,2018,9,7
430600,2023,41,16
429005,2019,1,1
429005,2023,1,1
430400,2022,36,12
440700,2021,10,8
431000,2023,11,7
430400,2007,1,1
441800,2018,7,2
140900,2015,16,16
430300,2015,3,3
430400,2013,1,1
150900,2018,8,8
140900,2018,4,4
140700,2023,1,1
440600,2023,58,41
440600,2022,31,16
440600,2021,108,36
410400,2023,6,6
440600,2017,38,15
430400,2021,4,1
430400,2020,1,1
140600,2015,3,3
441800,2021,6,4
430100,2022,56,29
431000,2017,2,2
430600,2017,14,13
430600,2020,29,19
430600,2022,29,17
430600,2018,19,6
430600,2019,23,10
440600,2020,37,23
440700,2016,2,2
430400,2009,1,1
140500,2018,5,5
410400,2020,4,2
440700,2022,7,7
430100,2017,14,10
140500,2017,2,2
430600,2012,14,5
431000,2015,19,7
431000,2022,2,1
431000,2014,2,2
431000,2018,3,1
431000,2016,4,4
431000,2019,1,1
430100,2021,31,19
430100,2019,63,23
430100,2023,102,35
429005,2002,1,1
430100,2018,28,11
440600,2014,2,2
440200,2019,44,26
430300,2022,1,1
421000,2008,1,1
430300,2017,2,2
440200,2016,21,10
440200,2023,80,58
440200,2022,14,9
440200,2021,36,22
440200,2020,33,12
440200,2015,19,5
440200,2010,3,2
440200,2018,29,16
430100,2014,1,1
430400,2015,4,4
430100,2007,3,3
430100,2009,9,3
430100,2015,3,2
430100,2020,16,7
430100,2012,3,3
430100,2005,1,1
430100,2013,3,3
410100,2002,1,1
410100,2016,4,4
410100,2003,1,1
410100,2017,3,2
410100,2023,30,28
410100,2015,3,3
410100,2019,43,29
410100,2010,1,1
410100,2009,3,2
410100,2011,9,8
430600,2008,7,2
410100,2021,38,26
430100,2010,3,3
440200,2002,7,3
440600,2015,2,1
440600,2016,9,3
430600,2014,1,1
430600,2015,3,2
430600,2021,24,12
430600,2009,11,3
430600,2006,1,1
430600,2010,21,4
430600,2003,1,1
430600,2004,3,1
420800,2013,7,6
440200,2013,22,22
429004,2023,6,5
440600,2018,22,10
430100,2011,1,1
430200,2023,6,6
440200,2017,20,10
440200,2014,7,5
440200,2009,14,4
440200,2008,5,2
410100,2018,4,4
430400,2014,1,1
140600,2020,1,1
440600,2011,1,1
150900,2010,1,1
441800,2020,2,1
440400,2021,62,48
440400,2020,49,36
440400,2023,199,86
140900,2020,5,5
150900,2020,2,2
140200,2023,18,12
140200,2014,2,1
140200,2007,3,2
140200,2017,2,2
140200,2016,9,8
140200,2020,4,3
140200,2018,7,7
140200,2021,4,4
140200,2002,1,1
140200,2019,1,1
140200,2015,13,13
140200,2022,2,2
430200,2016,1,1
440400,2022,50,28
420800,2014,1,1
429006,2023,2,2
429006,2015,7,3
440100,2020,465,181
430200,2022,1,1
440100,2019,508,170
442000,2022,42,18
140600,2016,1,1
440100,2023,699,246
440400,2018,56,24
440100,2016,135,53
440100,2022,377,137
440100,2018,383,114
440100,2021,415,135
440100,2017,129,65
440400,2019,69,31
140600,2007,1,1
429006,2021,1,1
441800,2017,1,1
440100,2002,4,3
440100,2007,6,5
440100,2015,56,24
440100,2004,1,1
440100,2014,97,41
440100,2006,9,5
440100,2010,14,11
140700,2018,4,4
442000,2023,74,34
440100,2012,15,9
440100,2013,73,21
440100,2009,6,5
442000,2021,25,17
440100,2008,6,3
140600,2021,1,1
442000,2020,43,17
150900,2021,1,1
442000,2018,38,11
440100,2003,1,1
429004,2017,1,1
440400,2002,5,5
410100,2022,98,71
440100,2011,1,1
140200,2012,1,1
442000,2017,6,5
442000,2015,2,2
421300,2023,1,1
410800,2018,1,1
442000,2019,34,13
429006,2016,1,1
410800,2014,1,1
411000,2023,9,9
429004,2008,2,1
140300,2015,1,1
420800,2022,1,1
411700,2018,1,1
429004,2020,4,3
429004,2021,8,3
140500,2022,1,1
411000,2017,1,1
411000,2019,1,1
430200,2014,3,3
420900,2019,15,14
430200,2015,18,6
440400,2003,6,6
440400,2017,13,12
429004,2002,1,1
410100,2020,34,18
440400,2010,12,7
140300,2023,1,1
140300,2021,2,2
429004,2022,2,2
440400,2016,7,6
410100,2006,1,1
440400,2015,1,1
410100,2012,4,3
440400,2014,4,3
410100,2013,3,2
410100,2014,5,2
441900,2020,31,20
441900,2018,29,20
440400,2007,1,1
440400,2006,1,1
440400,2009,10,1
440400,2013,3,2
440400,2008,5,1
440400,2012,2,1
150900,2012,1,1
140900,2019,3,3
441900,2023,66,44
140900,2016,2,1
140900,2009,1,1
441900,2022,11,8
410100,2004,1,1
410100,2007,1,1
140300,2018,2,2
430200,2017,1,1
420900,2018,3,3
420900,2023,8,7
441900,2019,73,32
410500,2020,3,3
421200,2020,3,2
410500,2023,5,4
421200,2023,8,8
410700,2017,2,2
410700,2016,3,2
130100,2017,6,5
130100,2014,4,4
441900,2017,16,9
130100,2023,359,62
440300,2014,48,26
440300,2015,55,25
421000,2022,2,2
440300,2023,890,269
441900,2015,7,4
441900,2021,15,8
441900,2014,7,5
420900,2016,1,1
420900,2011,2,2
441900,2016,5,3
130100,2020,10,9
130100,2022,128,24
440300,2022,318,142
440300,2017,130,65
440300,2019,324,123
441900,2005,1,1
441900,2006,1,1
441900,2007,1,1
440300,2016,85,36
440300,2012,8,7
430100,2002,11,2
440300,2018,181,78
440300,2006,6,5
421200,2019,5,4
440300,2009,30,13
420100,2016,48,21
441300,2010,3,3
420100,2022,430,157
420100,2021,380,156
360300,2023,5,5
420100,2023,403,162
420100,2020,88,40
420100,2018,86,41
420100,2013,20,13
420100,2019,83,57
420100,2011,9,4
420100,2012,12,10
411000,2016,1,1
440300,2021,320,127
440300,2020,194,99
411000,2010,1,1
420100,2017,64,32
441300,2020,30,19
440300,2005,10,5
421200,2003,1,1
441300,2016,4,1
441300,2017,7,6
421200,2007,3,1
410700,2023,3,3
441300,2011,2,2
441900,2012,3,1
441900,2010,1,1
441300,2023,52,31
440300,2010,9,7
410700,2018,3,3
130400,2018,6,2
411500,2019,168,51
421300,2021,1,1
411700,2019,5,3
421200,2018,2,2
420900,2022,3,3
411100,2019,1,1
421300,2018,4,2
411500,2012,34,15
411500,2021,90,32
130100,2021,74,22
440300,2011,5,4
440300,2013,8,4
360800,2015,6,3
420100,2002,8,5
441300,2018,13,10
130700,2019,96,32
441300,2019,17,12
440300,2002,2,2
440300,2007,8,6
130700,2017,23,15
441900,2011,3,1
130100,2015,3,3
360300,2015,5,3
360800,2017,5,4
411100,2023,1,1
411500,2023,146,25
411500,2018,212,86
360700,2015,5,2
360700,2014,4,2
411500,2020,12,6
360800,2018,1,1
411500,2022,13,8
150900,2019,1,1
810000,2019,3,1
420900,2021,3,3
441300,2022,18,12
411100,2022,1,1
411500,2017,93,15
441300,2021,15,14
810000,2023,1,1
360800,2014,8,4
440200,2003,2,2
410500,2014,4,4
410500,2016,1,1
420900,2005,1,1
810000,2013,1,1
152500,2023,30,22
360800,2023,18,9
152500,2020,64,60
420100,2014,10,8
360800,2022,13,6
420100,2015,21,8
410200,2012,1,1
410700,2015,1,1
411500,2014,29,8
411500,2015,15,7
411500,2016,75,13
420100,2006,8,4
411500,2013,6,2
410200,2019,1,1
130100,2019,4,4
411500,2008,4,1
411500,2011,12,3
411500,2010,8,2
411500,2005,1,1
411700,2022,1,1
411500,2009,2,1
410700,2020,16,4
410200,2021,2,2
411700,2021,1,1
360900,2015,10,7
360900,2022,1,1
420100,2008,2,2
410600,2015,2,1
420100,2003,1,1
410200,2017,3,3
130400,2022,1,1
420100,2010,5,4
410500,2021,8,5
410500,2022,4,3
130400,2023,5,4
410500,2015,3,2
360700,2022,3,3
152500,2021,10,8
441300,2014,2,2
360700,2019,3,2
130400,2020,2,2
360700,2020,4,4
360700,2009,13,2
360700,2016,3,2
360700,2017,7,2
360700,2023,86,53
360700,2018,10,9
360700,2011,1,1
360700,2003,1,1
360700,2013,4,2
360700,2010,4,3
360700,2021,2,2
130400,2016,2,2
410700,2019,4,2
410700,2011,1,1
130400,2017,2,1
130700,2022,38,11
441600,2013,1,1
410700,2021,2,2
130700,2023,208,67
130400,2019,1,1
421100,2019,12,11
360400,2013,14,12
360700,2007,3,1
130500,2021,1,1
421100,2022,8,8
420700,2019,4,4
420700,2023,3,3
421100,2023,11,10
360500,2023,3,2
420700,2021,2,2
421100,2018,11,10
360500,2022,12,9
441600,2015,2,2
441300,2015,3,2
421100,2021,14,12
360400,2018,107,58
421100,2011,3,1
130600,2023,3,3
130600,2021,2,2
360400,2009,4,2
420700,2008,1,1
441600,2023,2,2
441600,2016,1,1
441600,2019,1,1
441600,2018,1,1
130600,2019,9,6
130700,2012,3,3
130700,2018,51,21
420200,2021,2,2
410200,2020,1,1
152500,2016,39,10
410700,2022,2,1
130700,2021,35,11
371700,2020,8,3
371700,2021,2,2
411600,2018,4,2
411600,2019,1,1
411600,2016,1,1
152500,2022,7,7
152500,2017,3,3
420200,2019,8,8
360900,2018,2,2
360500,2019,3,3
360500,2015,1,1
421100,2016,7,5
360900,2014,3,2
130700,2016,8,5
360400,2023,235,105
420200,2023,4,4
441500,2021,20,17
420200,2020,1,1
130700,2020,99,19
441500,2023,23,19
410900,2018,1,1
371700,2016,1,1
360900,2021,4,3
411600,2012,1,1
371700,2023,3,3
360400,2021,36,23
441600,2020,2,1
411400,2023,1,1
360900,2023,1,1
130600,2020,8,7
441500,2012,1,1
130700,2013,7,4
130600,2018,8,5
421100,2010,2,2
371500,2018,1,1
441500,2016,2,2
441500,2020,14,8
360400,2019,244,84
110000,2018,2684,470
110000,2019,2786,597
110000,2022,5005,745
130600,2022,1,1
110000,2023,5876,844
110000,2021,4292,632
110000,2020,3453,555
110000,2005,48,31
110000,2002,87,47
110000,2014,526,141
110000,2017,1397,330
110000,2015,591,150
110000,2008,98,53
110000,2003,21,14
110000,2012,354,123
110000,2009,187,74
110000,2013,364,117
110000,2006,54,30
441500,2019,10,5
341500,2023,42,24
130600,2013,1,1
341500,2020,13,9
110000,2016,776,185
110000,2010,237,80
371700,2018,1,1
131100,2017,34,16
441500,2018,1,1
441500,2006,1,1
441500,2013,1,1
130600,2016,2,2
441500,2022,1,1
131100,2019,5,4
131100,2020,5,4
131100,2018,18,7
110000,2007,107,50
131100,2016,8,5
131100,2015,4,4
341500,2019,6,6
441400,2023,5,5
131100,2013,9,4
131100,2023,6,4
360400,2015,23,21
131100,2014,5,2
131100,2012,1,1
411400,2017,1,1
152500,2013,1,1
360100,2022,103,40
360100,2018,99,79
360400,2022,66,33
360100,2021,59,35
360100,2012,8,6
360400,2020,35,15
421100,2013,2,1
441400,2018,4,4
360400,2016,25,18
360400,2017,36,13
360100,2023,100,57
341500,2013,2,2
341500,2015,1,1
341500,2014,1,1
360400,2011,5,5
360100,2020,48,27
441500,2017,1,1
360100,2019,154,75
445200,2021,19,15
360100,2015,32,21
360100,2016,26,20
130700,2008,1,1
130700,2011,1,1
130700,2014,1,1
130700,2015,3,1
130700,2006,1,1
130700,2007,1,1
110000,2011,205,93
360100,2014,4,3
441400,2015,2,2
360100,2017,26,21
360100,2009,4,3
445200,2020,20,7
445200,2017,3,2
360100,2008,9,3
445200,2018,6,3
445200,2019,15,10
445200,2016,1,1
360100,2002,1,1
360100,2013,5,4
445200,2023,9,5
445200,2014,2,2
152500,2012,4,4
360400,2008,5,2
360400,2014,12,3
421100,2020,1,1
130700,2009,1,1
360100,2010,3,3
360400,2012,8,6
361000,2023,60,25
360400,2002,2,2
360400,2010,5,4
110000,2004,73,40
130600,2017,2,1
441400,2017,1,1
130800,2010,6,4
360400,2006,5,1
360400,2007,1,1
441400,2021,1,1
340800,2022,13,9
152500,2003,5,3
340800,2023,43,35
130800,2018,79,17
360100,2004,2,2
441400,2019,1,1
445200,2015,1,1
340800,2017,4,2
130800,2023,56,25
445200,2022,3,3
341500,2017,1,1
341500,2022,21,15
341500,2021,10,7
130800,2017,48,9
130800,2022,5,5
340800,2019,2,2
341200,2022,4,3
350800,2019,7,5
370900,2014,2,2
371400,2015,1,1
370100,2023,60,22
350800,2020,4,3
131000,2019,2,2
440500,2021,10,8
131000,2021,5,3
440500,2023,110,49
361100,2018,231,84
361100,2019,208,71
361000,2019,7,7
340800,2020,10,7
361100,2023,281,90
361000,2021,72,47
361000,2020,7,2
361000,2017,4,3
361000,2014,3,3
370800,2019,8,8
361000,2015,2,2
361100,2022,82,26
361000,2018,2,2
361000,2022,2,2
361100,2012,31,11
361100,2017,130,60
361100,2020,45,27
131000,2007,1,1
441400,2022,1,1
361100,2010,17,10
361100,2016,68,28
361100,2014,42,11
361100,2013,30,9
361100,2015,44,20
361100,2021,85,28
361100,2009,13,4
361100,2011,6,3
361100,2006,4,4
361100,2004,4,3
361100,2005,6,3
361100,2003,1,1
130800,2021,63,12
371400,2023,1,1
340800,2014,2,1
445100,2023,9,9
445200,2012,1,1
445100,2022,20,12
131000,2015,1,1
341600,2023,1,1
340800,2021,8,6
320300,2020,55,32
445100,2019,9,6
150400,2020,9,9
320300,2023,9,9
370800,2018,9,3
370800,2014,2,2
370800,2021,6,5
370800,2015,1,1
370800,2020,4,4
340400,2022,6,6
340400,2021,2,2
370800,2013,1,1
340800,2018,5,5
440500,2014,12,4
341300,2019,1,1
150400,2013,3,3
150400,2008,1,1
150400,2015,6,4
150400,2009,2,1
150400,2011,1,1
150400,2012,2,2
440500,2022,79,14
350800,2015,2,2
445100,2021,2,2
445100,2018,7,7
440500,2015,11,6
150400,2023,12,9
361000,2016,1,1
350400,2022,26,11
150400,2017,4,3
150400,2019,21,20
440500,2018,4,3
131000,2023,14,7
440500,2016,4,3
131000,2018,5,4
445100,2015,4,3
445100,2014,1,1
360600,2023,7,6
440500,2013,4,2
440500,2019,3,1
445100,2013,2,2
150400,2016,16,4
131000,2012,1,1
340600,2022,8,7
130900,2017,2,2
440500,2020,3,2
131000,2022,13,7
340600,2023,2,2
341300,2014,1,1
340600,2021,4,3
130900,2011,2,1
130900,2012,2,2
370100,2017,15,11
150700,2015,50,20
150700,2014,20,5
150700,2017,131,104
150700,2019,102,52
150700,2016,43,11
370800,2016,3,2
120000,2018,121,47
150400,2021,5,4
370800,2023,2,2
370800,2017,4,4
360600,2018,2,2
340100,2023,278,91
120000,2009,3,3
350400,2020,66,35
350400,2013,26,4
350400,2014,50,10
350400,2017,60,20
445100,2020,1,1
150700,2013,20,12
350800,2013,1,1
350800,2018,5,3
120000,2021,461,101
350400,2023,168,57
350400,2019,276,82
340400,2020,1,1
350400,2021,45,15
350400,2018,126,53
370100,2020,3,2
120000,2022,229,68
350400,2016,45,15
150400,2022,3,3
350800,2023,13,8
350800,2016,5,3
350800,2017,5,3
341700,2021,9,5
341700,2020,9,7
341300,2011,1,1
370100,2019,5,3
370100,2006,1,1
340100,2018,10,6
350800,2022,3,2
350800,2008,1,1
340100,2019,21,12
340100,2020,103,24
360600,2015,3,3
150700,2023,158,78
341300,2004,1,1
340100,2014,18,6
370800,2003,1,1
341700,2019,2,2
120000,2019,210,57
131000,2017,1,1
341300,2020,1,1
340400,2023,5,5
340400,2013,3,1
340400,2014,1,1
340100,2016,5,5
370100,2014,6,5
370100,2021,21,12
341700,2018,3,3
340300,2022,3,3
370100,2015,2,2
370900,2021,2,2
341700,2023,42,32
370100,2013,3,3
370100,2016,2,2
370100,2018,3,2
120000,2023,746,161
120000,2014,112,28
120000,2020,190,62
350600,2018,10,8
341700,2022,9,3
350600,2019,13,9
370100,2022,17,6
350600,2023,19,17
130800,2008,6,4
130800,2007,3,3
341300,2021,1,1
350400,2015,69,24
340100,2021,85,33
340100,2022,247,55
150700,2020,64,23
150700,2021,89,31
120000,2017,101,38
320300,2019,2,2
350400,2012,1,1
350400,2003,4,1
350400,2011,1,1
370900,2017,1,1
370900,2015,3,3
120000,2013,19,7
120000,2012,13,6
341700,2013,1,1
341700,2016,1,1
341700,2014,2,2
341700,2017,1,1
370900,2018,1,1
370900,2020,2,2
370900,2023,1,1
370900,2016,6,1
370900,2010,1,1
370900,2019,1,1
370900,2012,2,1
150700,2018,60,21
150700,2009,5,5
120000,2016,76,26
350700,2019,12,6
130900,2021,6,4
340700,2019,1,1
120000,2015,89,24
370900,2003,1,1
350600,2016,8,5
340700,2020,2,2
130800,2006,1,1
340700,2018,3,3
150700,2005,2,2
130900,2013,4,3
360600,2007,1,1
320300,2018,7,2
320300,2021,5,5
130800,2019,85,27
340700,2021,3,3
320300,2013,18,16
340100,2017,5,5
340100,2012,8,5
360200,2023,7,6
340100,2013,23,4
340100,2015,6,3
360200,2018,7,6
360200,2016,2,2
360200,2021,4,4
360200,2020,2,2
350600,2014,1,1
370900,2022,1,1
120000,2010,1,1
340700,2023,6,6
150400,2014,7,7
130800,2014,11,7
130800,2013,5,2
130800,2012,2,2
370800,2008,1,1
130800,2009,4,3
120000,2011,1,1
341100,2023,2,2
150400,2018,12,6
130800,2015,6,5
130800,2005,5,3
130800,2020,35,9
130800,2002,4,2
350600,2022,1,1
130900,2020,2,2
350600,2015,1,1
360200,2022,2,2
130900,2023,4,4
340300,2023,6,5
370400,2023,1,1
360200,2012,1,1
340100,2011,1,1
360200,2005,1,1
341000,2019,138,63
341000,2023,61,36
360200,2019,1,1
370400,2021,2,1
350700,2023,63,41
150700,2022,37,20
130800,2011,7,4
350600,2013,9,4
120000,2002,1,1
120000,2004,2,1
120000,2008,1,1
350600,2021,1,1
341100,2018,5,5
341700,2008,1,1
130800,2003,2,1
130800,2004,5,1
130800,2016,4,2
350600,2020,3,3
350700,2020,2,2
350400,2006,1,1
341000,2022,24,15
350600,2017,3,3
350700,2015,8,3
341100,2022,11,8
341100,2021,8,8
341000,2021,15,12
130900,2009,1,1
361100,2008,7,6
130200,2019,591,54
150700,2012,2,2
350700,2011,11,3
350700,2010,14,4
350700,2002,5,2
350700,2013,13,8
350700,2018,24,13
350700,2021,9,6
350700,2012,7,2
350700,2017,3,2
350700,2008,25,2
350700,2016,4,4
350700,2007,46,2
350700,2009,4,4
371300,2023,21,18
371300,2016,1,1
361100,2007,5,4
130200,2005,50,10
130200,2007,46,9
130200,2008,67,11
370400,2020,1,1
130200,2023,249,30
341000,2011,5,5
341700,2009,1,1
350600,2003,2,2
370300,2023,5,2
350600,2004,1,1
350600,2005,1,1
350600,2006,1,1
361100,2002,2,1
340700,2016,8,1
340200,2019,6,4
350200,2022,115,47
350200,2021,104,41
350200,2023,237,102
350200,2019,99,46
350200,2018,118,45
371300,2019,17,7
350200,2020,82,27
350200,2008,5,3
350200,2017,60,29
341000,2018,29,14
341000,2020,32,19
340200,2018,6,2
341000,2017,19,11
341000,2016,5,3
341000,2015,5,4
341000,2006,4,4
370300,2019,8,2
370300,2022,1,1
341800,2023,29,19
350200,2016,54,34
341800,2019,20,17
130200,2021,295,19
350600,2009,1,1
350200,2013,21,13
130200,2018,310,35
350200,2015,8,6
350200,2010,3,3
350200,2005,1,1
350200,2012,6,6
370300,2020,2,2
130200,2017,218,36
371600,2006,3,1
350200,2007,1,1
350200,2014,7,6
371300,2021,10,6
350500,2019,14,13
350500,2020,15,10
350200,2009,3,3
330800,2023,167,75
371600,2019,1,1
330800,2018,31,15
330800,2010,8,4
330800,2012,5,3
330800,2016,12,9
330800,2017,20,13
330800,2015,15,7
350500,2022,26,20
341000,2010,4,3
341800,2017,5,5
330800,2013,10,2
330800,2019,29,19
330800,2021,101,57
330800,2011,1,1
330800,2020,29,18
330800,2022,82,48
330800,2014,4,3
350500,2018,6,4
350500,2023,49,30
130200,2014,266,16
130200,2015,259,20
130200,2013,293,14
130200,2016,267,20
130200,2010,422,11
341000,2009,7,2
341000,2014,4,2
341000,2012,6,3
341000,2004,1,1
341000,2013,4,2
341000,2008,3,1
341000,2005,3,2
130200,2011,305,17
130200,2020,99,13
130200,2012,247,12
350500,2006,1,1
350500,2010,2,1
341800,2002,6,1
130200,2022,9,3
350500,2021,33,13
150700,2004,8,5
340500,2023,8,6
371300,2017,2,2
340200,2017,1,1
321300,2023,3,3
321300,2022,1,1
341100,2019,2,2
350500,2017,1,1
340200,2012,2,2
340200,2021,1,1
341000,2002,1,1
371300,2018,10,4
340200,2022,1,1
371300,2020,3,2
350500,2016,2,1
330100,2019,521,121
330100,2022,2371,259
340200,2023,8,8
340200,2011,1,1
370700,2018,2,2
320800,2016,3,3
320100,2023,438,137
371300,2022,3,2
370700,2016,1,1
330100,2021,1583,221
340500,2019,2,2
340200,2020,1,1
320800,2020,2,2
330100,2020,700,137
370700,2022,12,9
320100,2021,229,71
330100,2023,3454,425
320100,2022,292,73
350100,2021,42,15
320100,2018,97,48
320100,2020,52,36
341800,2018,28,17
341800,2021,3,3
370500,2023,62,39
320100,2016,74,33
320100,2019,172,65
320100,2008,5,5
320100,2017,76,41
320100,2015,45,16
320100,2014,36,18
320100,2009,5,5
320100,2004,6,5
320100,2012,33,16
341800,2020,18,9
341800,2016,2,2
330100,2012,133,47
330100,2015,79,30
320100,2013,105,91
350100,2016,37,13
350500,2015,2,2
330100,2018,386,106
330800,2005,1,1
350100,2022,36,26
330800,2002,1,1
341800,2022,1,1
370500,2021,8,2
350100,2018,66,21
350300,2019,10,10
350900,2022,14,14
320100,2011,5,4
370500,2013,8,3
330100,2017,223,47
320100,2007,2,2
130200,2009,18,9
350900,2023,58,31
370500,2018,4,4
331100,2019,25,20
340500,2021,3,2
350100,2017,39,17
350100,2019,116,37
320100,2010,2,2
370500,2019,6,4
320100,2005,1,1
320100,2006,1,1
370500,2022,13,4
370500,2017,2,2
370500,2011,5,3
130200,2002,29,5
130200,2006,4,3
130200,2004,20,5
130200,2003,5,2
370700,2023,2,2
350300,2018,4,4
320100,2002,1,1
331100,2023,349,134
331100,2016,15,12
331100,2017,12,9
340500,2022,1,1
330800,2008,1,1
330100,2011,129,41
331100,2022,338,121
320800,2013,1,1
371100,2021,36,32
371100,2023,178,52
371100,2022,112,19
130300,2017,81,37
331100,2010,6,5
331100,2021,194,91
331100,2020,112,59
331100,2007,2,2
331100,2013,14,11
211300,2022,71,38
320800,2023,3,2
330100,2014,75,33
330100,2016,149,59
330100,2008,94,27
330100,2013,138,52
330100,2007,63,23
330100,2010,136,43
370500,2012,2,2
350100,2023,303,115
211300,2023,13,9
330100,2006,64,21
320700,2022,26,11
370700,2021,15,9
211300,2021,5,4
350300,2022,2,2
130300,2015,29,14
370700,2017,8,5
350100,2004,17,9
350100,2005,7,3
350100,2012,23,8
350100,2006,1,1
350300,2023,7,7
370500,2014,1,1
130300,2012,53,24
350300,2020,1,1
350300,2012,1,1
320700,2023,42,26
320800,2019,4,2
130300,2016,16,8
130300,2019,99,31
370500,2016,1,1
370500,2010,2,1
370500,2020,1,1
370500,2009,1,1
321100,2021,6,4
321100,2016,1,1
320800,2021,1,1
370700,2006,1,1
321100,2023,26,19
321000,2017,2,2
350700,2022,2,1
331100,2018,21,13
331100,2011,4,4
331100,2014,8,6
130300,2014,29,24
321000,2022,7,5
321000,2023,11,10
321000,2021,13,10
350300,2004,1,1
331100,2006,1,1
331100,2008,2,2
331100,2009,6,6
321100,2022,20,10
130300,2013,39,19
341800,2010,1,1
350100,2014,20,6
321100,2015,2,2
371100,2018,5,3
320800,2022,1,1
320700,2016,21,6
331100,2015,10,6
320700,2019,45,34
320700,2021,26,17
320400,2023,55,37
320700,2020,15,12
320700,2017,7,7
130300,2007,81,28
350300,2005,1,1
350300,2003,3,1
341800,2007,1,1
130300,2005,56,24
130300,2009,81,15
130300,2002,51,12
130300,2004,18,9
130300,2011,71,21
130300,2003,7,4
130300,2018,48,19
350900,2017,2,1
130300,2023,28,25
350100,2013,10,5
320400,2014,2,2
321100,2019,4,4
350100,2015,31,8
330500,2022,151,50
130300,2020,15,7
130300,2008,95,18
130300,2010,60,12
330700,2020,18,15
330700,2022,177,80
330700,2019,8,8
350100,2020,18,2
350100,2010,6,4
350100,2003,15,6
350100,2011,3,3
320400,2022,69,43
371100,2019,10,6
130300,2021,18,10
320400,2021,45,30
130300,2006,30,3
330700,2023,174,94
330700,2021,102,55
320400,2020,9,7
370700,2020,3,3
320700,2014,1,1
320400,2019,14,5
371100,2020,8,4
371100,2012,2,1
341800,2014,1,1
330500,2023,174,74
130300,2022,2,2
321100,2020,1,1
321100,2014,26,7
321000,2012,2,2
330500,2021,129,66
321000,2019,4,3
321000,2020,4,4
321000,2014,2,2
321000,2005,1,1
321000,2007,1,1
330500,2014,42,20
330500,2013,21,15
330500,2020,101,48
330100,2004,9,5
330100,2005,53,18
330100,2003,3,3
321100,2017,3,2
371100,2016,1,1
371100,2014,2,2
331100,2012,5,5
330500,2019,108,52
330700,2009,12,7
320400,2017,2,2
350900,2018,3,2
320200,2021,134,34
330700,2017,4,4
370200,2018,34,31
330700,2007,3,2
330700,2008,1,1
320900,2023,184,67
330500,2017,2,2
330700,2016,3,3
320200,2019,245,41
330500,2009,6,4
330300,2021,153,74
330300,2023,426,106
330300,2022,298,98
330700,2018,3,3
370200,2020,68,40
330300,2018,59,34
330300,2019,50,28
330300,2017,34,18
330300,2013,7,5
330300,2005,2,2
330300,2016,21,16
330300,2015,15,12
330300,2014,6,4
330300,2020,130,58
320200,2020,312,48
320200,2015,3,3
330500,2018,26,19
330500,2006,4,3
320200,2017,23,18
211400,2023,5,5
211400,2009,1,1
320200,2018,30,25
320200,2023,139,56
330100,2009,82,28
321200,2022,5,5
370600,2023,12,11
211400,2022,33,19
320200,2013,1,1
320200,2016,4,4
370700,2014,1,1
320900,2019,207,83
330500,2016,4,4
150700,2008,1,1
211400,2021,5,5
330700,2005,3,3
330700,2010,24,10
321200,2021,15,12
370200,2023,252,77
330500,2002,1,1
152200,2022,5,4
321200,2023,12,8
330500,2011,3,3
330500,2007,1,1
320900,2013,8,6
320200,2014,3,3
320200,2022,47,17
321200,2019,6,6
321200,2017,1,1
152200,2019,24,11
370600,2012,10,2
320900,2021,81,21
320400,2018,10,7
320400,2016,1,1
330600,2023,227,82
320500,2019,120,76
320500,2020,134,88
330700,2011,2,2
370200,2021,188,76
350900,2021,3,3
321200,2014,2,2
321200,2020,1,1
370200,2022,218,79
330500,2010,1,1
320500,2018,117,76
370200,2019,38,20
330100,2002,11,3
320500,2023,1778,382
330600,2022,153,39
330500,2015,2,1
370200,2016,11,7
330600,2020,39,22
370200,2017,30,22
330600,2021,142,43
370200,2011,20,4
320900,2022,79,30
320900,2017,104,38
320900,2018,40,20
320200,2012,2,2
320900,2020,61,21
320900,2008,6,2
152200,2023,8,6
350900,2020,1,1
320200,2010,3,2
320500,2021,499,157
320500,2022,812,178
320200,2009,2,1
320900,2011,3,2
330500,2004,1,1
320500,2016,51,34
320500,2006,4,4
350900,2015,1,1
330400,2018,40,19
370200,2014,8,8
320900,2015,62,18
330400,2019,56,19
370200,2009,4,3
320500,2013,31,27
330400,2023,615,88
330400,2014,8,7
330300,2006,2,2
370200,2010,9,4
370200,2013,4,3
320500,2017,84,61
330400,2016,2,2
320900,2010,2,1
320500,2014,22,17
320900,2016,67,25
370200,2007,1,1
370200,2008,2,1
330400,2021,98,30
370200,2005,1,1
370600,2020,3,2
331000,2018,13,10
370600,2018,51,22
330400,2015,4,4
320500,2012,19,14
320500,2015,27,23
152200,2009,4,2
320200,2007,1,1
370200,2006,4,1
211300,2019,1,1
330600,2018,9,6
330600,2019,24,11
330300,2012,15,7
330400,2017,29,15
330400,2012,3,2
370200,2015,3,3
211300,2018,2,1
320600,2023,62,35
320600,2018,70,18
320600,2022,50,16
370200,2012,1,1
320600,2020,37,12
320900,2014,11,5
330600,2016,6,5
330600,2012,3,2
330600,2006,7,5
330600,2005,3,2
320900,2007,1,1
320900,2012,4,3
320500,2005,5,4
330400,2020,44,16
330400,2022,387,70
330400,2006,4,2
320600,2015,160,29
331000,2023,216,81
331000,2020,54,31
330600,2017,8,5
330600,2015,8,7
320500,2011,8,7
320500,2010,11,11
320500,2007,7,6
330600,2014,9,5
320500,2002,6,1
331000,2019,20,15
320500,2009,10,5
330600,2007,5,4
331000,2021,96,39
330600,2010,3,3
330600,2008,1,1
330600,2009,2,2
370600,2010,1,1
331000,2016,22,8
320600,2021,75,32
370600,2019,17,10
211300,2014,1,1
320900,2009,2,2
330300,2011,4,2
320500,2008,4,4
330400,2004,4,3
330300,2007,1,1
320500,2003,2,1
211400,2018,3,3
331000,2022,154,50
330600,2013,5,3
330300,2010,2,2
330600,2011,6,2
330400,2007,5,2
330400,2005,7,2
330400,2011,5,4
330400,2013,2,2
330400,2009,4,3
330400,2008,5,3
330400,2003,3,3
330400,2002,5,2
330600,2004,2,2
331000,2015,28,15
320500,2004,1,1
330400,2010,1,1
330300,2008,1,1
331000,2011,12,7
310000,2011,48,31
320600,2017,86,38
320600,2019,110,70
310000,2023,2751,641
310000,2019,2000,348
330200,2023,494,203
330200,2017,10,6
310000,2018,1394,269
310000,2021,1920,312
310000,2020,1750,258
310000,2022,1311,246
331000,2010,6,5
331000,2012,2,2
330200,2022,248,89
330200,2021,231,87
370600,2017,47,9
330200,2018,25,16
330200,2019,75,43
320600,2016,143,23
330200,2011,26,10
331000,2014,7,5
310000,2017,909,202
210200,2012,149,18
320600,2012,16,8
330200,2013,24,9
320600,2014,75,15
320600,2013,27,5
211300,2015,1,1
310000,2013,163,74
320600,2009,2,1
320600,2011,8,4
320600,2010,3,1
310000,2012,129,61
330200,2012,14,10
210700,2022,9,7
310000,2015,335,106
331000,2017,19,8
310000,2005,178,30
330200,2020,107,45
310000,2004,66,19
330200,2005,1,1
210700,2021,28,24
210700,2023,23,12
210700,2004,1,1
210700,2020,6,5
210200,2020,23,14
310000,2014,147,51
210200,2013,133,20
210700,2019,3,3
210200,2023,83,32
210200,2017,43,16
210200,2016,76,18
370600,2016,17,6
210200,2019,116,40
210200,2018,151,25
310000,2016,686,128
330200,2010,29,6
210200,2014,198,18
210200,2022,49,12
210200,2015,231,25
210200,2021,41,13
210200,2011,77,16
210200,2009,37,11
330200,2009,13,6
330200,2016,29,13
210700,2016,3,3
210700,2018,2,2
150500,2017,1,1
330200,2008,13,5
330200,2015,21,16
370600,2022,2,2
210700,2017,2,2
210200,2008,20,10
331000,2013,2,1
330200,2014,17,7
152200,2014,18,11
310000,2007,30,20
152200,2018,8,6
330200,2007,1,1
152200,2011,6,5
310000,2010,43,22
152200,2016,5,4
310000,2002,15,9
310000,2006,189,39
310000,2009,36,26
371000,2017,3,2
371000,2018,2,2
310000,2008,28,21
331000,2008,1,1
370600,2008,2,2
310000,2003,13,6
371000,2021,7,4
370600,2004,1,1
150500,2020,1,1
371000,2023,5,5
210200,2006,1,1
331000,2004,1,1
331000,2006,2,1
331000,2005,1,1
211100,2021,117,51
232700,2013,5,5
330200,2003,2,1
210200,2007,7,5
210200,2010,42,11
370600,2015,2,2
330900,2023,339,83
330200,2004,3,2
330200,2006,2,2
371000,2019,10,9
211100,2018,104,11
211100,2017,88,13
220800,2003,3,2
211100,2022,70,26
210900,2021,6,5
211100,2012,3,3
211100,2015,79,8
211100,2023,18,13
211100,2011,3,3
211100,2014,7,4
211100,2020,89,9
211100,2013,10,7
330900,2010,32,8
211100,2002,3,3
211100,2016,110,8
330900,2018,31,12
330900,2019,36,12
211100,2019,50,10
330900,2022,95,37
152200,2010,6,5
330900,2015,79,13
330900,2020,56,18
330900,2021,77,33
152200,2017,7,6
152200,2021,2,1
330900,2006,2,2
330900,2012,28,5
330900,2017,33,12
330900,2016,65,7
330900,2013,26,10
371000,2014,2,2
330900,2014,34,4
330900,2011,6,2
330900,2008,5,1
330900,2007,4,2
330900,2009,2,1
330900,2005,2,2
371000,2020,3,2
210800,2022,1,1
210800,2021,10,6
220800,2014,13,8
210800,2023,3,3
210800,2018,6,2
210800,2019,1,1
210800,2016,2,1
210800,2017,5,4
210800,2020,1,1
330900,2004,6,5
220800,2007,8,5
150500,2021,1,1
220800,2011,10,6
220800,2021,39,2
150500,2014,2,1
150500,2018,1,1
220800,2018,9,9
220800,2023,1,1
220800,2010,5,2
220800,2013,5,3
220800,2005,4,2
220800,2017,3,2
220800,2004,3,1
220800,2002,2,1
220800,2019,38,37
220800,2016,2,2
220800,2020,1,1
232700,2023,11,9
371000,2022,5,3
152200,2007,2,2
232700,2015,1,1
232700,2017,1,1
152200,2004,1,1
210300,2021,7,7
210300,2020,5,3
210100,2022,541,91
210100,2021,251,106
210100,2023,175,50
152200,2013,14,4
152200,2005,1,1
210300,2018,2,2
210100,2020,76,35
210100,2015,21,8
210100,2017,40,17
210100,2014,12,6
210100,2013,49,23
210100,2016,23,9
210300,2015,18,3
211000,2023,10,6
210300,2017,1,1
210300,2011,4,3
211000,2022,100,10
211000,2021,2,1
210100,2008,25,10
210100,2009,14,7
210100,2010,1,1
210100,2011,6,3
230200,2019,25,24
220300,2023,33,11
210100,2018,11,9
210100,2019,6,6
230200,2011,3,3
210100,2012,2,2
220300,2021,46,3
220300,2022,6,3
230200,2016,8,4
220300,2017,1,1
210600,2010,20,10
210600,2004,12,6
210600,2014,13,12
210600,2020,5,4
220800,2009,1,1
220800,2012,2,1
210500,2009,3,2
210400,2020,2,2
211200,2012,1,1
211200,2019,9,4
211200,2021,2,2
210500,2013,7,5
210500,2008,3,3
210500,2014,2,2
210400,2013,1,1
210500,2011,2,1
210500,2015,2,1
211200,2013,4,1
210600,2021,31,5
230200,2022,14,7
210600,2016,3,2
230200,2009,4,4
210500,2021,1,1
230200,2021,9,5
230200,2023,15,4
210400,2011,1,1
230200,2020,1,1
220700,2023,2,2
210500,2023,10,7
210600,2018,6,6
210600,2023,5,5
210600,2013,8,5
210600,2012,3,3
210500,2016,1,1
210600,2009,9,5
230600,2020,2,2
210400,2022,10,3
210400,2023,7,3
210400,2021,8,4
210400,2017,3,1
230600,2009,2,2
230200,2017,2,2
230200,2013,5,2
230200,2018,2,1
230200,2012,4,1
230600,2011,1,1
156400,2013,6,2
210600,2022,2,1
210600,2019,1,1
210600,2011,2,2
156400,2023,1,1
156400,2015,1,1
230600,2016,8,4
230600,2019,12,11
230600,2017,2,2
231200,2023,6,4
230600,2015,1,1
231200,2019,3,2
220100,2023,15,11
220100,2019,16,14
231100,2015,1,1
220100,2014,5,4
220100,2022,8,5
220100,2015,2,2
220100,2017,4,4
220100,2021,2,2
220100,2018,5,4
220100,2007,1,1
231100,2019,23,23
220500,2021,1,1
220100,2016,1,1
220500,2018,4,4
220200,2019,9,8
220200,2018,8,4
220500,2015,1,1
220200,2023,22,12
231100,2011,1,1
220200,2022,2,1
220200,2016,1,1
220500,2014,1,1
230100,2017,10,6
230100,2015,3,3
220200,2014,1,1
230100,2022,6,5
230100,2023,31,16
230100,2021,14,10
230100,2019,29,15
230100,2018,15,12
230100,2020,3,2
230100,2006,1,1
230100,2012,4,3
230100,2007,1,1
220200,2012,4,4
230100,2009,3,3
220200,2015,1,1
220200,2008,1,1
230100,2010,3,3
230100,2014,1,1
230100,2013,7,4
230100,2016,2,1
230100,2002,2,2
230100,2005,1,1
230100,2004,1,1
220600,2019,18,10
220600,2021,18,15
220600,2018,12,10
220600,2023,3,3
220600,2022,5,3
220600,2015,1,1
220600,2016,1,1
222400,2019,23,12
222400,2018,45,18
222400,2007,2,1
222400,2006,1,1
222400,2015,13,12
222400,2009,2,1
222400,2022,4,2
222400,2016,9,3
230700,2023,1,1
231000,2016,1,1
231000,2019,2,2
230700,2018,4,3
222400,2023,124,48
222400,2021,29,16
231000,2015,1,1
230800,2019,9,7
230900,2016,30,4
230900,2015,62,3
230800,2018,8,4
222400,2017,10,3
230800,2017,3,2
231000,2022,2,1
230400,2018,2,1
230500,2023,1,1
230300,2022,1,1
230800,2020,2,2
230800,2015,5,2
230800,2012,3,1
230800,2013,3,2
230800,2016,2,1
230800,2010,2,2
230500,2015,6,3
230500,2016,4,1
230500,2017,1,1
230300,2019,11,11
230300,2012,3,1
230300,2023,1,1
230800,2023,1,1
230300,2015,2,1
230500,2019,4,4
