unit_id,unit_nm,province,prov_cn,area_km2,pa_km2,frac_pa,bio1,bio12,elev,warming_rate,cx,cy
110000,北京市,Beijing,北京市,16404.5090447496,279.346447363364,0.0170286380775761,1.03287624500173,518.370993852617,333.371519455903,0.345163575250698,953630.742258455,4375533.41093794
120000,天津市,Tianjin,天津市,11924.3411629634,433.413242116006,0.0363469340731524,1.21981673922319,544.734095666361,26.1704027112338,0.361242220703509,1042889.3893997,4284681.5972426
130100,石家庄市,Hebei,河北省,14058.0185484181,217.093058061841,0.0154426498524054,1.20490419067772,467.754468760707,293.382287949835,0.358281070229873,811632.257180574,4127290.55985267
130200,唐山市,Hebei,河北省,13808.4045317612,0.0859479255579865,6.22431978729294e-06,1.08086945371208,595.1707513415,102.325470370652,0.368411882878247,1120763.46145764,4343620.19060517
130300,秦皇岛市,Hebei,河北省,7791.67107061747,14.1185549403845,0.00181200602700309,0.92745023469327,598.816673032897,310.904989146041,0.364510473016396,1185657.02634239,4394530.711428
130400,邯郸市,Hebei,河北省,12070.1130539647,151.141412722054,0.0125219550178453,1.28435343788223,551.4426852923,228.384361143723,0.402566490082065,837438.058922203,3950631.0955994
130500,邢台市,Hebei,河北省,12441.9829611772,4.831254882595,0.000388302644174163,1.27216327850464,527.315150397487,197.058354177751,0.378947160957736,853988.222012757,4027167.62931209
130600,保定市,Hebei,河北省,22199.5878373365,4.94616810923323,0.000222804501843701,1.07034031197513,489.466560304091,447.465199382955,0.338634904564674,863773.182276774,4233515.36008779
130700,张家口市,Hebei,河北省,36787.1441661124,421.779777322053,0.0114654123575754,0.535880293973985,407.978254834271,1257.7608701339,0.32761398024892,831121.945324679,4439045.87302735
130800,承德市,Hebei,河北省,39491.3687094206,1602.34416537311,0.0405745411652666,0.629117640629478,473.929289940527,880.445859301059,0.364404743511874,1032054.84041893,4516906.96702443
130900,沧州市,Hebei,河北省,14140.4893090243,137.288796674133,0.00970891414532005,1.30193767354796,482.484214381055,9.77311346792408,0.331391762032439,1007790.64170414,4163761.04666635
131000,廊坊市,Hebei,河北省,6414.69092398046,0,0,1.24057841586535,523.953345688366,16.1888454418771,0.343502320827845,983839.749597568,4273626.45498394
131100,衡水市,Hebei,河北省,8833.76110350428,176.623892990931,0.0199941894422372,1.309411565216,448.152675204898,23.5374105852942,0.351020409907068,934549.444164784,4097944.27268635
140100,太原市,Shanxi,山西省,6905.26264789169,0,0,0.819290278526229,441.106703409461,1117.15179813745,0.408968174602315,630718.355874482,4092514.40005809
140200,大同市,Shanxi,山西省,14059.0784316799,0,0,0.565401708167544,406.913542706399,1277.29173771008,0.305529275081231,732601.4834641,4320586.83778187
140300,阳泉市,Shanxi,山西省,4563.79830476753,0,0,0.893986989446094,444.585988089009,927.688646448967,0.399718953230076,731557.56103448,4112350.03771762
140400,长治市,Shanxi,山西省,13966.9745391977,0,0,0.884256568743928,594.131314611244,1166.8268151522,0.430986779947077,695928.441650237,3929235.54534706
140500,晋城市,Shanxi,山西省,9425.14300664124,394.484136834766,0.0418544457688122,1.09987010648024,599.272374815486,869.267522573782,0.434235371063201,684991.458975676,3830427.18421635
140600,朔州市,Shanxi,山西省,10630.0903023778,0,0,0.530547175607759,416.616434325074,1379.55067496721,0.32526328047748,644371.03936911,4281405.0011374
140700,晋中市,Shanxi,山西省,16369.8636304692,2.06712519138025,0.000126276262163401,0.850624683582175,502.684742500861,1111.70576588959,0.413238106576436,691971.272991809,4025616.81448314
140800,运城市,Shanxi,山西省,14233.5890141901,395.859994989615,0.0278116780381227,1.30456463476897,555.979883133287,529.281963017564,0.43764655548948,541944.872576178,3772428.73820346
140900,忻州市,Shanxi,山西省,25148.1180762492,196.767693870784,0.00782435064421852,0.619123095534956,442.424503634836,1331.13043167481,0.37650354042982,630861.562651203,4197188.04869844
141000,临汾市,Shanxi,山西省,20309.6252723369,261.094676546763,0.0128557111736765,1.02001629715971,518.006338544876,978.797718252973,0.425698977831779,562570.692735487,3891500.92074519
141100,吕梁市,Shanxi,山西省,21143.2074207915,358.98429133358,0.0169787054626616,0.742126424223168,488.907746235628,1306.88813244636,0.407822098703663,542147.940152102,4054347.31998864
150100,呼和浩特市,Inner Mongolia,内蒙古自治区,17179.1551927496,2386.39280954751,0.138912116618789,0.426649204641826,336.091640610959,1447.41277845051,0.379454164821757,541101.144487843,4383971.49916155
150200,包头市,Inner Mongolia,内蒙古自治区,27736.997602593,1216.35382484112,0.0438531178561088,0.464193919415797,256.765871108381,1386.2347122054,0.439812958982919,432069.977170807,4485693.03424683
150300,乌海市,Inner Mongolia,内蒙古自治区,1655.92107869494,12.9361711240641,0.00781206984469292,0.797363416175359,170.106645129417,1112.44969961462,0.480774517138013,158196.9426686,4236500.28087044
150400,赤峰市,Inner Mongolia,内蒙古自治区,86918.883482176,3247.41800621705,0.0373614786122164,0.48402562953645,396.101249798419,844.906016747421,0.31484376401232,1110382.27933505,4739695.4692369
150500,通辽市,Inner Mongolia,内蒙古自治区,58861.3688503327,984.897293294934,0.0167324904692455,0.622578848019647,440.794857851685,342.534021353108,0.335567973854187,1314603.43206161,4838788.92966729
150600,鄂尔多斯市,Inner Mongolia,内蒙古自治区,86883.5580033142,4607.50628939305,0.0530308195851889,0.720649332898841,294.406984010048,1290.75896201455,0.427747954389096,306545.241421659,4238587.4086216
150700,呼伦贝尔市,Inner Mongolia,内蒙古自治区,252851.433648586,15852.4216947715,0.0626946087116252,-0.176417130128035,433.913418809046,697.483549005356,0.280422786284965,1176453.96443007,5473129.41690531
150800,巴彦淖尔市,Inner Mongolia,内蒙古自治区,65071.5406088858,2798.21354618521,0.0430021099854381,0.618262700381776,164.000466440803,1293.42381312902,0.427402837396586,210991.003241814,4465785.74297604
150900,乌兰察布市,Inner Mongolia,内蒙古自治区,54443.6879183008,583.017750768977,0.0107086381004142,0.409092010428474,272.76983490348,1379.84339343552,0.365547274476271,611276.870699125,4511981.52978529
152200,兴安盟,Inner Mongolia,内蒙古自治区,55153.3044266983,3862.11445148755,0.0700250781278301,0.251762332417064,419.814842497404,583.657660555464,0.309460685303631,1251348.22740971,5101589.72206417
152500,锡林郭勒盟,Inner Mongolia,内蒙古自治区,199920.763796273,7552.0815076476,0.0377753734241604,0.212425657086987,267.743169397142,1112.55117296295,0.383100823667469,825299.044314372,4814127.24026179
152900,阿拉善盟,Inner Mongolia,内蒙古自治区,239463.8206987,46932.6593697847,0.195990606150216,0.825119809132413,92.7121646213566,1261.51063929931,0.416717432704187,-208695.155838253,4358295.28860592
156400,中朝共有,,中朝共有,444.524974283902,8.63463480795033,0.0194244087677191,0.773664602927401,935.560865139518,200.032513410425,0.300969279266372,1695715.52187526,4553247.05656551
210100,沈阳市,Liaoning,辽宁省,12869.7675027978,0,0,0.790888403171278,602.947133008594,60.8839085906172,0.30227796924288,1471609.85133692,4670545.99200948
210200,大连市,Liaoning,辽宁省,13246.7260096429,757.310117657795,0.057169606822585,0.926150507825545,710.960380863854,138.538123708415,0.339649072260689,1445131.20002652,4379598.18010829
210300,鞍山市,Liaoning,辽宁省,9252.75404924838,28.4303034468155,0.00307263148847288,0.830712686127691,745.104380493578,175.095256074589,0.313440989951074,1489917.13793556,4515801.10826488
210400,抚顺市,Liaoning,辽宁省,11274.7232152644,243.730295191205,0.0216174082979907,0.58354463813188,818.991751001362,378.413461384482,0.320907833659651,1598976.09527657,4665477.61250511
210500,本溪市,Liaoning,辽宁省,8414.32910928855,138.216567845723,0.0164263325157018,0.606158395969361,893.834450473521,421.355034051989,0.294680870402678,1605409.92316166,4597365.62413097
210600,丹东市,Liaoning,辽宁省,14670.2472104397,401.557521393798,0.027372239583532,0.771201915453171,930.291210446633,208.330460699134,0.3100957664817,1606334.24242609,4518535.6434661
210700,锦州市,Liaoning,辽宁省,9996.75642677206,602.54201366386,0.0602737515990894,0.870023391790602,543.935172047579,74.387679148079,0.340517258628936,1360914.60911557,4578997.2022075
210800,营口市,Liaoning,辽宁省,5331.40185758669,0,0,0.852669390157792,697.189283843077,196.077364624483,0.33843770320653,1451153.05989037,4471917.41652198
210900,阜新市,Liaoning,辽宁省,10323.8977928645,303.237207275974,0.0293723565808217,0.76978572343283,504.105087978768,174.303792317264,0.326631729165062,1372961.12091238,4674385.94206151
211000,辽阳市,Liaoning,辽宁省,4732.31293734903,0,0,0.823956388589585,716.298415304974,128.415688535505,0.288279165313174,1499209.21164874,4571208.89270069
211100,盘锦市,Liaoning,辽宁省,3660.64984662175,741.562292786875,0.202576680058933,0.902015632821029,588.881301497846,6.27619991469422,0.369930946993582,1399792.65058473,4541570.05365868
211200,铁岭市,Liaoning,辽宁省,12980.8796371746,2.96030386404135,0.00022805109875325,0.661852114468213,657.861885821001,217.611772039657,0.331175379608265,1542599.55172351,4747194.3219505
211300,朝阳市,Liaoning,辽宁省,19700.1239536385,195.321843840119,0.00991475202388481,0.759005648910546,488.542040456872,511.509119616125,0.329616130657505,1230108.02639929,4563398.85021854
211400,葫芦岛市,Liaoning,辽宁省,10326.6993188812,171.098933113552,0.0165685983323556,0.877898816081439,555.262744247368,205.461838624574,0.348599336993445,1260372.40833515,4466954.7543044
220100,长春市,Jilin,吉林省,20556.5348911486,260.963154370284,0.0126948999795997,0.450479507638098,573.497118375231,207.037745014503,0.311703637089337,1628411.21872532,4964028.62184034
220200,吉林市,Jilin,吉林省,27716.4644438817,916.261780305002,0.0330583932218405,0.330342955477005,685.11457327609,431.826137679547,0.312106113394102,1731379.21755404,4893984.48790445
220300,四平市,Jilin,吉林省,14413.5142070576,264.454797442403,0.0183476974208631,0.573663504222498,567.74874907997,197.408861973518,0.298960379604756,1545989.24988466,4854176.36070413
220400,辽源市,Jilin,吉林省,5139.06581063007,0,0,0.486364605803283,731.287368962424,348.073811752662,0.309349656238344,1628855.19140811,4783812.71500938
220500,通化市,Jilin,吉林省,15559.1035795755,589.297207988881,0.037874753193523,0.484794805534719,849.524546496387,456.481446806306,0.2911504953694,1699919.339864,4700027.51861314
220600,白山市,Jilin,吉林省,17434.4373989197,2317.67955841285,0.132936871169497,0.284055863645306,787.466814847358,807.540017743156,0.315445242833579,1803730.64354352,4736392.42028894
220700,松原市,Jilin,吉林省,21160.474148557,810.499143209289,0.0383025038814908,0.52965633189909,474.051787857733,165.128593277191,0.321869849281927,1519223.07352621,4989441.90483815
220800,白城市,Jilin,吉林省,25755.8305619479,2597.44394870677,0.100848774511829,0.569255411268155,427.676607329604,159.145937676073,0.327581587944127,1395515.54695284,5027675.05317792
222400,延边朝鲜族自治州,Jilin,吉林省,43280.9120740738,4351.06704155536,0.100530853742376,0.268159320891968,636.46552762329,679.511136655705,0.309179781843306,1920531.09668079,4888256.28958444
230100,哈尔滨市,Heilongjiang,黑龙江省,53075.542031178,585.60380155614,0.0110334021876242,0.312080775921789,571.221462961194,246.876418794286,0.268641329440771,1765117.09800224,5138203.940513
230200,齐齐哈尔市,Heilongjiang,黑龙江省,42258.9055963884,991.562123266622,0.0234639801782128,0.267300357848598,454.811020940428,211.269702342814,0.28579323502837,1461064.56842431,5307068.29327837
230300,鸡西市,Heilongjiang,黑龙江省,22466.2064675476,1505.49614898175,0.0670115869876133,0.328502611729584,581.680523720352,197.839879243631,0.315907780417315,2090100.46203662,5221721.5126707
230400,鹤岗市,Heilongjiang,黑龙江省,14667.4654199669,234.958131839493,0.0160190002234226,0.17931565821926,599.568719243443,206.585406853154,0.265584223402128,1922100.4747778,5407581.1644713
230500,双鸭山市,Heilongjiang,黑龙江省,22042.8365038352,1353.97440004903,0.0614246900490076,0.288997976584658,579.047535409351,157.406620628231,0.286261239237722,2077342.77276986,5339858.11324037
230600,大庆市,Heilongjiang,黑龙江省,21193.2536659761,353.818640324312,0.0166948712029214,0.422024216996489,446.064866877011,140.817602477204,0.295260457969088,1503017.35342438,5161799.58629571
230700,伊春市,Heilongjiang,黑龙江省,32792.1213114646,1810.58176253652,0.0552139260933851,0.0684898452062273,621.375358049638,384.000052876787,0.268037166134561,1801108.28513996,5395092.55975611
230800,佳木斯市,Heilongjiang,黑龙江省,32702.4164308431,1939.00889577231,0.0592925265896726,0.236049303551967,591.272492519734,112.49558871676,0.268035688666882,2037435.07426571,5396510.89238982
230900,七台河市,Heilongjiang,黑龙江省,6188.78897341867,0,0,0.278869432228235,577.744146180548,333.188703848701,0.309152164918353,1984276.18149677,5225286.5188515
231000,牡丹江市,Heilongjiang,黑龙江省,38795.6229194392,2296.09370143896,0.0591843493841277,0.248582471122845,602.946185120629,589.070140218704,0.317978530874915,1939897.42668019,5061102.16959556
231100,黑河市,Heilongjiang,黑龙江省,66869.6347523537,6062.5575808403,0.0906623402878226,-0.0330688482660888,546.68798576263,372.8968483547,0.254478480277407,1604365.36810509,5513301.80292452
231200,绥化市,Heilongjiang,黑龙江省,34905.4039268086,371.573896039959,0.0106451682043014,0.271353627424391,522.0577309998,215.795753278999,0.272302024396198,1635155.96250512,5252166.66616026
232700,大兴安岭地区,Heilongjiang,黑龙江省,64767.3124595783,7130.43658046926,0.110093136640793,-0.329180286011049,504.734451653127,579.952397165948,0.232713522039093,1340271.45642571,5799886.78653455
310000,上海市,Shanghai,上海市,8058.50221286063,121.061900285127,0.0150228785805783,1.59686641706548,1025.89028047158,4.4255890379811,0.336681487736215,1539846.79795568,3438887.99295461
320100,南京市,Jiangsu,江苏省,6586.47274142406,29.1008722776082,0.00441827870850891,1.55085718177337,1039.25631131628,25.2101177649983,0.401384437071079,1285330.65879918,3477919.0419567
320200,无锡市,Jiangsu,江苏省,4625.26072923648,15.1982699414988,0.00328592717928956,1.57579307105982,1034.66587930341,4.7394016939189,0.359368620624113,1405683.44229111,3450053.72624797
320300,徐州市,Jiangsu,江苏省,11145.8166974977,0,0,1.4372972302548,696.924729041759,33.7500282412982,0.38605994837911,1128617.60344573,3733404.84805089
320400,常州市,Jiangsu,江苏省,4370.75493648822,10.1086494522945,0.00231279254938429,1.5750171914244,1065.46784404282,7.45137185519233,0.35462392020446,1363470.93294341,3454949.56856898
320500,苏州市,Jiangsu,江苏省,8664.31835983352,35.0279962213314,0.00404278729919666,1.58848532697429,1007.7492238131,5.82462528378241,0.341634748169533,1461510.63249109,3442201.3518729
320600,南通市,Jiangsu,江苏省,9483.74495789799,0,0,1.51906600818136,1018.03226843776,4.02836637771924,0.333220244400303,1481444.06323078,3537197.79583861
320700,连云港市,Jiangsu,江苏省,7450.07454230213,41.5503596707336,0.00557717368259972,1.3691342820384,814.35932524456,10.9845297251412,0.350154910407674,1270491.6260824,3772655.25236859
320800,淮安市,Jiangsu,江苏省,10033.1046836143,947.603064251318,0.0944476404994463,1.46005176070921,838.672634886214,13.834579196977,0.360255595260039,1273793.89835283,3638503.58554586
320900,盐城市,Jiangsu,江苏省,15492.1994478545,1038.4972202849,0.0670335560667417,1.44261261438525,921.824706724771,0.932496109822921,0.299522984681787,1381899.52695063,3672185.40534765
321000,扬州市,Jiangsu,江苏省,6586.61696622001,0,0,1.51005602854941,944.842920443436,8.78302885182077,0.373742298233742,1330253.23122135,3576619.25274763
321100,镇江市,Jiangsu,江苏省,3842.09419909377,0,0,1.54665717395607,1015.24578452058,12.7431106134258,0.363239415660678,1340137.10139558,3496034.26011946
321200,泰州市,Jiangsu,江苏省,5788.69969140202,2.86017075535865,0.000494095549576854,1.50828129087076,977.471735085009,2.96584418313133,0.330776834076819,1386303.17878661,3565970.83498639
321300,宿迁市,Jiangsu,江苏省,8524.64501005857,832.243846926145,0.0976279769942499,1.45090527433222,787.068076974245,13.9078617155113,0.330945046170378,1227024.93955572,3681121.67655964
330100,杭州市,Zhejiang,浙江省,16846.9245978989,94.9424919446197,0.00563559784415849,1.5660535617724,1449.78006749338,232.78481497514,0.346428578139105,1375999.74929495,3260907.17079179
330200,宁波市,Zhejiang,浙江省,9545.55630657243,6.86343722010198,0.00071901909115305,1.56425074301624,1280.96255332833,215.754402079134,0.352695588819038,1566932.02735592,3272876.14107283
330300,温州市,Zhejiang,浙江省,11597.8188777932,194.943197892515,0.0168086085794787,1.63753781495137,1586.00536479946,330.762787342733,0.305877594865453,1502249.46339037,3053984.0167403
330400,嘉兴市,Zhejiang,浙江省,4920.81319978882,0,0,1.61935432920584,1137.67083588547,24.6358129774681,0.351544181260585,1489252.20804363,3359628.74195835
330500,湖州市,Zhejiang,浙江省,5815.96967033842,158.112658910148,0.0271859496992439,1.57713340055543,1211.96842948436,77.5334890436022,0.348500162040564,1399698.31486775,3360221.94268313
330600,绍兴市,Zhejiang,浙江省,8274.88969289816,0,0,1.58861554851362,1324.41658995816,174.403200370491,0.351130599805203,1489195.40751488,3259435.33003224
330700,金华市,Zhejiang,浙江省,10945.906875257,57.7958419552774,0.00528013280342481,1.52028936222763,1550.25621040984,454.368778717957,0.341473730152566,1434842.37590467,3181068.47350135
330800,衢州市,Zhejiang,浙江省,8843.66343043388,141.349480288529,0.0159831365587817,1.58088361075497,1720.06875180517,450.598767664494,0.316829674294571,1315945.77665631,3142985.46237029
330900,舟山市,Zhejiang,浙江省,1323.81586526785,0.209294089819321,0.000158099094678076,1.54941663742065,1309,250,0.350636808480617,1628359.12035136,3323522.5061709
331000,台州市,Zhejiang,浙江省,9663.22551746232,0,0,1.5799369645807,1463.99710880006,272.295849121131,0.333675161898692,1551400.79184936,3160263.31923753
331100,丽水市,Zhejiang,浙江省,17275.3171224045,166.372862771234,0.00963066909813559,1.53893815908417,1707.10376878562,619.505516336798,0.318703803478389,1407799.22954174,3073072.44962226
340100,合肥市,Anhui,安徽省,11424.8699078157,0,0,1.58109674573553,1130.20841902838,39.8878607263242,0.378570804702904,1150297.16830855,3441382.02822007
340200,芜湖市,Anhui,安徽省,6002.04692904943,1248.61221781574,0.208031065497431,1.60346091821662,1247.22054432803,40.851398386434,0.351320114828712,1231306.49094857,3383799.76189274
340300,蚌埠市,Anhui,安徽省,5953.14864760344,0,0,1.53374590017326,783.781960246487,21.367939674328,0.363715276410474,1128672.38533579,3591505.91525293
340400,淮南市,Anhui,安徽省,5531.05773304895,0,0,1.55086685805259,924.532857203474,39.2798477452436,0.376945626685869,1086447.98986619,3513989.88319543
340500,马鞍山市,Anhui,安徽省,4065.07582665571,0,0,1.5880011287355,1108.02502553791,10.9848260645323,0.367512560561746,1245640.95777517,3439557.23085889
340600,淮北市,Anhui,安徽省,2742.30286100156,0,0,1.49912362050987,717.572979664043,29.5679007844088,0.348901565547938,1067438.89332799,3654210.16505689
340700,铜陵市,Anhui,安徽省,2999.55565066103,0,0,1.6160454716419,1407.26012344012,74.7465848571703,0.322424883109937,1181266.22799173,3345747.36355121
340800,安庆市,Anhui,安徽省,13507.8819587747,126.68912592551,0.0093789038364533,1.58677913775793,1489.41311323421,217.308320739147,0.352960780125036,1085114.63976758,3299087.82086777
341000,黄山市,Anhui,安徽省,9678.21504963372,80.7739997015404,0.0083459604159754,1.56596337288409,1605.83313643792,275.828208994969,0.318781871816609,1243885.59857902,3243182.9273768
341100,滁州市,Anhui,安徽省,13517.5183021295,0,0,1.52804762172558,912.808619290526,47.7311936091047,0.375913304617116,1207824.72127723,3537559.14817441
341200,阜阳市,Anhui,安徽省,10118.2488337443,0,0,1.53179527295633,869.653220115216,33.0533661965341,0.38453568470362,983225.446555858,3552807.8752731
341300,宿州市,Anhui,安徽省,9940.7560030007,0,0,1.488916818774,709.692361194836,29.1173198129612,0.373460853437592,1108164.29991617,3674158.41741619
341500,六安市,Anhui,安徽省,15452.9922234627,286.206439366575,0.0185211016240609,1.52942897985346,1208.11518484348,173.571132617801,0.358393739046164,1047259.62931669,3417369.24503647
341600,亳州市,Anhui,安徽省,8523.63889298652,0,0,1.50744928744311,783.486660731063,31.4840213614191,0.383480520956277,1020318.06818583,3615668.24112191
341700,池州市,Anhui,安徽省,8367.73957609658,513.777443853346,0.0613997889371475,1.60682831419387,1529.75697614874,163.518879767974,0.321429834567243,1171694.7458142,3276511.87114137
341800,宣城市,Anhui,安徽省,12312.9973041164,7903.54656567797,0.641886485513623,1.51874419216239,1353.0498178995,232.007878389908,0.364837036557827,1305479.43625871,3339860.37809021
350100,福州市,Fujian,福建省,11696.6465475745,193.728762871091,0.0165627611369743,1.77921590419502,1468.95252014761,468.296852881679,0.297214312324954,1410057.27233047,2831300.26535872
350200,厦门市,Fujian,福建省,1579.89599192421,2.67588216429097,0.00169370779973429,1.97758184556845,1193.89033055862,223.171428562745,0.284384033885271,1324906.34827449,2665799.93594195
350300,莆田市,Fujian,福建省,3910.03060159389,0.199186814228927,5.09425205387728e-05,1.87157005187765,1309.04172773852,339.510637075015,0.286872482320147,1390624.12312101,2761393.36936929
350400,三明市,Fujian,福建省,22963.8671747943,663.547057266537,0.0288952662988255,1.73167835549366,1666.79070162279,615.60382753865,0.274324952208225,1230277.74621832,2835057.14281386
350500,泉州市,Fujian,福建省,11193.676293579,145.594060230519,0.0130068135268514,1.86911703260263,1319.65318673291,409.068368842719,0.262243136234473,1331449.05950867,2725160.49826268
350600,漳州市,Fujian,福建省,12620.588087617,405.240022520008,0.0321094405194651,1.99011967510212,1329.83270758832,289.116587044667,0.234673392979262,1261563.93177718,2622973.73508399
350700,南平市,Fujian,福建省,26288.1494478954,573.38515147628,0.0218115448792911,1.71640860298325,1772.47671645157,500.472738881508,0.304700297354656,1288514.46025136,2959337.56419611
350800,龙岩市,Fujian,福建省,19025.9422330044,508.695606516031,0.0267369468637193,1.83966981537238,1553.70025188339,528.642668800472,0.249481185661826,1178429.53619713,2716191.34579762
350900,宁德市,Fujian,福建省,13048.9275353208,37.0901633222615,0.00284239170015054,1.64003520396164,1719.20535967427,622.251008969577,0.30311901131802,1423923.1060782,2937391.61663553
360100,南昌市,Jiangxi,江西省,7188.65359892658,277.467095489914,0.0385979226389969,1.78867543989503,1583.28069601588,26.8788950395168,0.34163537697287,1065109.69807471,3079473.81212191
360200,景德镇市,Jiangxi,江西省,5260.633240572,0,0,1.68952420770181,1678.3210745695,181.356295012517,0.352266130265171,1176331.342546,3166676.21429975
360300,萍乡市,Jiangxi,江西省,3831.59586641767,0,0,1.57465795818473,1609.76610574569,508.16866428775,0.320687334610575,872510.025262654,2932325.34236251
360400,九江市,Jiangxi,江西省,19083.1556865814,748.956331036701,0.0392469853171789,1.57723310172188,1575.54918701133,378.793125104072,0.339744629100496,1002310.85977199,3148592.54329636
360500,新余市,Jiangxi,江西省,3159.0975490851,26.9009330318299,0.00851538536365253,1.74594732175712,1544.56485333801,142.910027963975,0.331482804873656,961623.724599683,2978203.94253845
360600,鹰潭市,Jiangxi,江西省,3557.86576861881,148.92862269536,0.0418589773703506,1.79747829117682,1773.54334603572,135.25116121723,0.34123329072307,1175705.29212794,3044523.82920936
360700,赣州市,Jiangxi,江西省,39363.5486164089,567.474947138024,0.0144162548114747,1.82800590892768,1611.07393122525,378.756764309273,0.274695224211633,1026811.86283075,2745668.47792314
360800,吉安市,Jiangxi,江西省,25284.0067856189,290.129746856805,0.0114748326606931,1.70984206916378,1583.36311555646,323.780905002957,0.317280493734548,968364.948105837,2881157.0532136
360900,宜春市,Jiangxi,江西省,18669.0111921344,247.051875403301,0.01323325980475,1.67105942339224,1584.39357546347,259.195850632635,0.325590533240992,968111.283451719,3030644.16782162
361000,抚州市,Jiangxi,江西省,18801.2194535968,391.229260552691,0.0208087173025282,1.75864889812889,1726.75540356814,251.221317926331,0.317079380293952,1119643.03351294,2957506.09861942
361100,上饶市,Jiangxi,江西省,22743.7594151606,305.82779343641,0.0134466685060233,1.70801556592128,1737.6446630686,249.531089547253,0.336306497978695,1203273.57259945,3109875.35172522
370100,济南市,Shandong,山东省,10243.4694271689,64.0975552902778,0.00625740680401415,1.28900306273639,673.945334990348,181.939740126301,0.297748839573704,1069737.63859939,3985570.50637321
370200,青岛市,Shandong,山东省,11043.2372577651,454.015003974543,0.0411124920507618,1.25390801359223,702.576112047563,44.2545150216008,0.3641245606509,1327440.60884962,4000285.96612566
370300,淄博市,Shandong,山东省,5966.64213241084,0,0,1.27185547490836,693.104863637335,219.549585719243,0.299797161276094,1143275.0655913,3991578.15622861
370400,枣庄市,Shandong,山东省,4551.91333828935,0,0,1.38127722544973,709.177944499864,107.781688842045,0.381160640010433,1109546.41617015,3794633.70414426
370500,东营市,Shandong,山东省,7146.67670359876,707.465530897706,0.0989922393637111,1.32078719549438,598.831788584774,6.00837445906956,0.292553266094989,1175220.4689289,4111696.59863865
370600,烟台市,Shandong,山东省,13748.5712933431,137.17904142851,0.00997769430012922,1.20134299390965,673.09401299706,85.8672922285247,0.347754012285268,1370592.1593548,4097334.90956597
370700,潍坊市,Shandong,山东省,15884.4209778463,0,0,1.26777201920311,711.06117982961,98.0071425193097,0.352732205758106,1232818.3855948,3996888.84517023
370800,济宁市,Shandong,山东省,11195.3661290389,0,0,1.37764392526817,682.833681457997,69.0185367781841,0.36181724860882,1044865.81756993,3838195.68378159
370900,泰安市,Shandong,山东省,7758.91184284561,205.534251169085,0.0264900871838884,1.31313397832349,702.044065534087,151.807401081058,0.327631623586332,1061953.19106028,3912365.07234851
371000,威海市,Shandong,山东省,5625.78936688369,62.2101680714671,0.0110580336401623,1.17760448154395,714.86991529519,65.3685870584569,0.353995600614176,1474440.60754719,4100859.50477487
371100,日照市,Shandong,山东省,5331.8904911496,0,0,1.22914724892781,826.059723369114,176.472065640375,0.370916817530456,1253771.22357289,3890043.93158571
371300,临沂市,Shandong,山东省,17199.0124368032,9.97714164310666,0.000580099681872264,1.29651904604455,773.082703018977,148.459970499978,0.368163563890717,1182523.76742734,3848785.46110969
371400,德州市,Shandong,山东省,10356.3187183857,0,0,1.30798467191326,544.891201808511,24.9163186473412,0.331201843034322,1011954.60843034,4048136.37493346
371500,聊城市,Shandong,山东省,8619.91529907588,0,0,1.33031248447446,561.711623672738,41.158410505263,0.383365556284104,955521.665484553,3951973.05417504
371600,滨州市,Shandong,山东省,9021.57502035486,267.149498524374,0.029612290306473,1.32897840144661,588.350302323071,12.9804578207072,0.286040103990767,1110920.43971429,4092684.3998698
371700,菏泽市,Shandong,山东省,12153.0370319676,28.4492755141328,0.00234091901796229,1.41081111562607,642.648841897865,49.7335850012857,0.404360051550625,955047.60020297,3803205.75840578
410100,郑州市,Henan,河南省,7580.79916609027,0.0219390840821599,2.894033148945e-06,1.43436994656973,627.325871396641,164.745858787593,0.421157103222115,761955.553402408,3725321.66148458
410200,开封市,Henan,河南省,6242.15637471119,32.2280442256063,0.00516296649602877,1.44104725425284,649.443782153514,67.2500328650919,0.420462953150267,857863.528054613,3731292.90853792
410300,洛阳市,Henan,河南省,15234.4043281477,390.426165090319,0.0256279245765423,1.32792424318231,682.580768485172,596.504147294222,0.433802789261913,635442.585207062,3677189.70235763
410400,平顶山市,Henan,河南省,7909.14228437567,9.9973936753064,0.00126403006999331,1.46582203344721,750.963719079662,241.431664578859,0.433010460900816,728626.647630721,3628190.72338
410500,安阳市,Henan,河南省,7345.79542510096,0,0,1.3303735904702,574.111138772747,250.289340216337,0.415544935173476,828229.872964256,3872849.58618391
410600,鹤壁市,Henan,河南省,2138.95674281389,0,0,1.37861096293894,568.403226429166,173.003014647035,0.417396539455314,825971.906088933,3855101.45565333
410700,新乡市,Henan,河南省,8277.08784195568,272.482930417165,0.032920144816632,1.3585080396722,586.002464730807,214.040951804922,0.423624376537218,811109.772382258,3801581.56268561
410800,焦作市,Henan,河南省,3973.52995731659,154.060229881935,0.0387716291400444,1.41307846885117,575.25976791921,195.064235226709,0.428709584167227,726931.770719267,3777783.20230916
410900,濮阳市,Henan,河南省,4269.08782685958,0,0,1.37637887967477,571.936466213965,52.5757116851947,0.403118853717361,910811.983475101,3873338.16125536
411000,许昌市,Henan,河南省,4984.75056332996,0,0,1.46578173187608,703.205769837516,118.705803139342,0.420013181412168,789098.90566165,3664741.88923176
411100,漯河市,Henan,河南省,2695.06738137253,0,0,1.49905505717139,773.322542956093,66.8320607627442,0.435083301171589,810471.256738161,3619396.71388257
411200,三门峡市,Henan,河南省,9932.43389409221,2653.12064785743,0.267116869454878,1.19864199105493,667.667409480444,927.949304115548,0.396605207720277,551391.050393355,3679504.14670962
411300,南阳市,Henan,河南省,26512.3494034522,3592.03245905226,0.135485256488983,1.50457535955173,881.369572218468,274.646980064237,0.398648070064454,668948.09251554,3538514.73050461
411400,商丘市,Henan,河南省,10699.2699795578,0,0,1.45067520607593,713.301416345658,47.2167844509989,0.411428397747723,966135.018233444,3706595.63259084
411500,信阳市,Henan,河南省,18915.9818120078,709.843687897405,0.0375261350403076,1.55203913959939,1078.69687370668,97.9562751816525,0.34736960901193,917482.09197476,3451358.96445317
411600,周口市,Henan,河南省,11959.3999459793,0,0,1.48392084000208,769.335344265155,47.396727144665,0.43387863687456,898571.496061322,3635188.97838767
411700,驻马店市,Henan,河南省,15081.9497505783,0,0,1.51446436789773,904.384376368245,82.9841067080776,0.412369295764995,840913.031726701,3539267.41516319
419001,济源市,Henan,河南省,1898.58825762984,369.228379276002,0.194475225363997,1.20492158017023,607.48174784427,733.594073099498,0.434973988332513,661306.727868103,3770775.55021424
420100,武汉市,Hubei,湖北省,8577.96033714493,31.896423271247,0.00371841580254535,1.67669363960835,1251.45870893487,43.0522189206943,0.340496735873814,882753.238172088,3283142.64144344
420200,黄石市,Hubei,湖北省,4575.00773126046,0,0,1.69107623979336,1416.94234998719,114.151911287277,0.335439802296131,954969.309654575,3211679.28097219
420300,十堰市,Hubei,湖北省,23686.569277334,735.438490395309,0.0310487551736358,1.38947420761906,987.895646418491,739.548277053543,0.360082407536316,503343.104930365,3461483.30311878
420500,宜昌市,Hubei,湖北省,21214.0882699551,108.153741767415,0.00509820362728431,1.51189617192496,1161.513992818,476.083787807136,0.334952308201278,579304.074542677,3273343.69846998
420600,襄阳市,Hubei,湖北省,19724.3363807279,85.6585505562633,0.00434278491822711,1.48823745692908,1015.39421327069,369.589450226257,0.347240698825783,645574.829842403,3411233.70370592
420700,鄂州市,Hubei,湖北省,1584.96578765688,0,0,1.70877345565683,1322.29886781758,25.8202428215226,0.344757492821014,924925.183675603,3254000.4959714
420800,荆门市,Hubei,湖北省,12341.6933034092,0,0,1.59669813639198,1029.81267753317,137.797049710802,0.335568161103084,715389.30512034,3319112.12618901
420900,孝感市,Hubei,湖北省,8913.24174643631,0.707465231678351,7.93723823278113e-05,1.62605766348469,1136.10768872941,64.0876174463344,0.337000080596822,834012.765334569,3334470.92646649
421000,荆州市,Hubei,湖北省,14084.3908759358,615.793145673607,0.0437216739508227,1.68656163766131,1172.01206129741,45.2224635423932,0.325818489697722,721080.445109521,3198830.82327534
421100,黄冈市,Hubei,湖北省,17447.4456493559,208.677989245567,0.0119603747986612,1.59337592976914,1370.75905195563,233.480572443311,0.357978285603208,975848.461854796,3302728.42218722
421200,咸宁市,Hubei,湖北省,9757.99967163157,187.947570791678,0.0192608707846218,1.68067170157179,1393.03454998925,152.06086497347,0.329755520754604,877333.092617181,3169993.13150126
421300,随州市,Hubei,湖北省,9610.08128895462,54.3285091439248,0.00565328299630175,1.5277732767659,1042.18819678597,204.320338124502,0.339574724358502,784734.893636155,3410396.45226806
422800,恩施土家族苗族自治州,Hubei,湖北省,24059.1220465212,1306.55681926286,0.0543060888396706,1.33745741792589,1406.84522433031,1058.86703010018,0.273479855292727,432337.068906441,3202999.88650381
429004,仙桃市,Hubei,湖北省,2519.58391746024,0,0,1.69276727561391,1185.30396663789,26.1835760203696,0.324470422670374,794749.033184314,3237759.0961048
429005,潜江市,Hubei,湖北省,2000.00167781543,0,0,1.66760069335353,1117.29530548106,32.9096593397728,0.323715867760852,735691.591280732,3238434.05512197
429006,天门市,Hubei,湖北省,2610.74336634383,0,0,1.65641918151058,1097.67747199901,31.7801952914979,0.325725411843722,766557.244494876,3275379.1956517
429021,神农架林区,Hubei,湖北省,3234.34882098873,780.888569901498,0.241436101398236,1.27238119744958,1154.08210320012,1025.06021638378,0.345441499849969,511783.232182734,3364452.11066447
430100,长沙市,Hunan,湖南省,11816.7681667897,90.5502301596665,0.00766285915756157,1.67727762488291,1450.98549642157,213.832470930475,0.304965489467915,792599.3888282,3005790.3816185
430200,株洲市,Hunan,湖南省,11246.6257750155,255.526570320064,0.0227202874383638,1.64417975406526,1547.15399525393,395.598168094754,0.304917190878727,838681.15332917,2885358.61245455
430300,湘潭市,Hunan,湖南省,5005.71355402022,0,0,1.75772468933795,1409.98991161493,118.129149792756,0.308277122878237,743515.705537557,2946251.91215151
430400,衡阳市,Hunan,湖南省,15297.0231108892,171.136787405463,0.0111875876871519,1.75835494538831,1454.61348124669,239.475536302581,0.297407873530694,748716.413167004,2841825.9622133
430500,邵阳市,Hunan,湖南省,20819.4882141952,558.776840213315,0.0268391246924278,1.58037300255258,1435.88632380649,596.133360612508,0.268320845509827,579893.751854624,2843722.65828153
430600,岳阳市,Hunan,湖南省,14855.5774138877,2451.46136512501,0.165019594784196,1.68467424639375,1367.29946841682,146.287191115924,0.316128222043843,794807.905000355,3099908.11730999
430700,常德市,Hunan,湖南省,18176.7875603448,1072.98634456795,0.0590305817794127,1.65918149372307,1290.0292391475,186.654539116408,0.300171951784878,626340.136964981,3113658.20358862
430800,张家界市,Hunan,湖南省,9536.65118815918,431.543545229215,0.0452510568662744,1.54505227939271,1399.64435169549,557.793885626381,0.314888166844575,530317.436457334,3118441.04322585
430900,益阳市,Hunan,湖南省,12321.4308420313,1298.17800353468,0.10535935478421,1.68219219239632,1350.54554686113,176.657287745874,0.276292195455882,673003.000009524,3035607.64971521
431000,郴州市,Hunan,湖南省,19339.6526453228,305.719528531497,0.0158079120725798,1.72425288057734,1505.62688611196,451.468031273399,0.270858908799051,812994.815991156,2737658.28906135
431100,永州市,Hunan,湖南省,22262.1969011085,489.028456108794,0.0219667653772501,1.74765597934487,1499.08909530149,414.539843808776,0.261243513730691,673039.765149111,2722515.17244558
431200,怀化市,Hunan,湖南省,27577.3536625485,392.69087593467,0.0142396141681994,1.6310531454889,1344.22164451709,427.924492356257,0.271378334586374,497167.323898104,2909719.97621941
431300,娄底市,Hunan,湖南省,8108.20773307449,0,0,1.67430261557094,1405.5242792684,333.708724547995,0.290377267924875,647038.931085934,2940218.97169324
433100,湘西土家族苗族自治州,Hunan,湖南省,15470.1714917217,766.349776839441,0.0495372515585574,1.61180983059079,1391.85312908247,520.899217658396,0.2708741710321,457424.008585286,3036134.15227582
440100,广州市,Guangdong,广东省,7215.26623999068,2.52831215445878,0.000350411484533389,2.1510151094729,1732.87791131352,95.0793728438637,0.230782944504528,876251.076502722,2469165.50863364
440200,韶关市,Guangdong,广东省,18411.5623365652,646.566864751324,0.0351174361486558,1.86453503807795,1634.81547209573,429.370890606273,0.261251056077485,886453.483244986,2633292.41991987
440300,深圳市,Guangdong,广东省,1942.72693866344,26.5504498279265,0.0136665885974653,2.17007875971371,1874.5798780448,145.341676114237,0.196691260388837,943800.932692327,2398593.18383775
440400,珠海市,Guangdong,广东省,1579.47204728711,13.6031863719516,0.00861248946780434,2.25571001568438,2048.7814891234,2.76097050581051,0.251370297936872,868866.858610798,2338552.47474939
440500,汕头市,Guangdong,广东省,2176.70539847443,0.847260215947532,0.000389239727407001,2.11775802045618,1564.47457613246,108.546784260171,0.264482436151904,1188066.24187306,2499242.54255943
440600,佛山市,Guangdong,广东省,3795.631952015,6.40031891797608,0.00168623275356778,2.19154593801777,1778.3437190301,70.1815732525637,0.248736993746935,818722.558718483,2426616.56245006
440700,江门市,Guangdong,广东省,9365.96672096915,6.98443564885991,0.000745725012370873,2.18716161034461,2060.49854667039,174.785355232309,0.24481538225889,796606.870746331,2344937.32518011
440800,湛江市,Guangdong,广东省,12337.8117054154,72.6108613917712,0.00588523014659888,2.31840474516768,1727.81542792449,56.3101921302873,0.22179781444811,543368.855644638,2198461.76468035
440900,茂名市,Guangdong,广东省,11341.6076984112,127.366034348505,0.01122998059317,2.15346642620439,1860.86170878901,316.007634417659,0.230896433089854,620064.900101503,2303544.81464486
441200,肇庆市,Guangdong,广东省,14898.6735992642,7.83472804935732,0.000525867487273782,2.11559421095674,1694.83507416685,146.915302001979,0.259882394659463,738488.593369044,2479147.98968746
441300,惠州市,Guangdong,广东省,11319.170867289,161.531951505814,0.0142706522765392,2.12315988098464,1823.84284993055,166.291414133812,0.210971628088906,976050.608236853,2466606.69178067
441400,梅州市,Guangdong,广东省,15864.5010283755,36.7223460721841,0.00231474951569557,2.01310862768842,1581.65443247024,307.650144114061,0.274925238004287,1125872.98328042,2588650.24876394
441500,汕尾市,Guangdong,广东省,4816.5493455886,0,0,2.1542203341544,1627.35256663644,103.690436379985,0.246372781556275,1084442.0804163,2452353.96230696
441600,河源市,Guangdong,广东省,15655.0192332657,135.922924860981,0.00868238632196344,2.01538876394925,1786.88013743948,320.021883366459,0.245912276978263,1014122.25900921,2559145.43022907
441700,阳江市,Guangdong,广东省,7815.3660995837,1.47663638226429,0.000188940142208175,2.19681472736318,2056.44457714069,215.960080098123,0.253763232564745,705325.483336926,2311670.9104111
441800,清远市,Guangdong,广东省,19041.6071848798,626.035244105072,0.0328772271177919,1.96852513091104,1655.91254059924,281.525526835436,0.257008978092129,800297.778565281,2569917.54975318
441900,东莞市,Guangdong,广东省,2449.56910568869,7.79349316415379,0.00318157717863716,2.20443928526807,1837.63716930225,89.498046619678,0.193446398580383,915171.937483053,2426973.46968978
442000,中山市,Guangdong,广东省,1744.11694664876,0,0,2.25774995236769,1903.43701692035,-0.638900188997597,0.251808896387262,868477.498581242,2377106.20852935
445100,潮州市,Guangdong,广东省,3113.20296689077,1.72217791886974,0.000553185236293707,2.06757199235846,1533.28207011431,188.40625947666,0.260482890334605,1201392.91370398,2552157.27818655
445200,揭阳市,Guangdong,广东省,5257.95183516492,0,0,2.11061605076549,1584.9085516665,147.694617853991,0.271958500541018,1140423.97801553,2494304.8398344
445300,云浮市,Guangdong,广东省,7783.19655354572,0,0,2.19604328341658,1837.25344906061,149.883958462811,0.247876287212023,701803.990394208,2396945.3433578
450100,南宁市,Guangxi,广西壮族自治区,22099.6574216092,226.223106903986,0.0102364983577883,2.13510941895161,1587.16078918951,179.715465444426,0.1981087926212,357093.630686791,2405676.75321012
450200,柳州市,Guangxi,广西壮族自治区,18603.4909783089,299.985042443587,0.0161252015975582,1.88766548000743,1591.57810871644,319.862831364508,0.229532640331516,441464.33999423,2617745.59102556
450300,桂林市,Guangxi,广西壮族自治区,27661.454054607,528.825210795115,0.0191177661792887,1.68452015645989,1692.18649530794,633.434394304197,0.240537141044997,554131.762919035,2668605.86165405
450400,梧州市,Guangxi,广西壮族自治区,12564.9350893869,0.687813410124512,5.47407054020901e-05,2.09370343798516,1604.15232983276,220.188848128841,0.212580000975494,614527.950206393,2464590.2230676
450500,北海市,Guangxi,广西壮族自治区,3398.95551363073,700.425127081227,0.206070695621738,2.22746549244112,1651.24378202249,34.9386215293798,0.206887895462156,453207.333025834,2257792.36957522
450600,防城港市,Guangxi,广西壮族自治区,5984.57893309049,693.552458206138,0.115889934105687,2.15652075750139,1901.05068581042,207.667269134107,0.188737155484512,312969.381619327,2275197.27923528
450700,钦州市,Guangxi,广西壮族自治区,10681.9743490382,0.568992748532285,5.32666274922777e-05,2.14984014301192,1669.57658130727,102.36824897433,0.19674561472661,418687.726406324,2311928.72883519
450800,贵港市,Guangxi,广西壮族自治区,10607.3586439563,0.964245832277287,9.09034816906733e-05,2.11825058933804,1464.09372738644,165.988751829021,0.208766563012201,513698.046056535,2440038.31040381
450900,玉林市,Guangxi,广西壮族自治区,12823.1353351922,0.0796103407887753,6.20833662811701e-06,2.14745636201502,1636.43305532185,203.681543927695,0.223269046790326,537463.869510038,2345730.45174485
451000,百色市,Guangxi,广西壮族自治区,36197.1366428713,1349.65135419584,0.0372861358485836,1.93804487809406,1344.29149079757,742.564846084484,0.201201469335322,131676.342784825,2502708.59733953
451100,贺州市,Guangxi,广西壮族自治区,11752.6015244778,164.580260226304,0.014003730142941,1.93492253339389,1582.56289438798,341.671822405217,0.245803194788636,646335.055242187,2563830.69803799
451200,河池市,Guangxi,广西壮族自治区,33480.1229351976,788.44216697193,0.0235495600926555,1.86900207850847,1453.79327919673,541.475584002595,0.183299081276037,287995.325792138,2578545.54082789
451300,来宾市,Guangxi,广西壮族自治区,13386.5684459432,256.818447285621,0.0191847857292694,2.03599136814901,1543.50753695763,246.7316495964,0.225170904317056,450905.763979774,2497377.28988189
451400,崇左市,Guangxi,广西壮族自治区,17331.4536404333,1032.44940325518,0.0595708487398043,2.1694865455904,1538.70087156863,303.283067039527,0.195057152680604,235811.062222975,2341178.01996641
460100,海口市,Hainan,海南省,2232.42033505159,49.5831872519127,0.0222105068984541,2.42092622579258,1718.99352201892,34.6355086581827,0.209318725969519,577955.443894571,2062332.60154832
460200,三亚市,Hainan,海南省,1900.79525871135,23.6266910982033,0.0124298979545125,2.48804822704847,1420.76332152848,137.315769978372,0.193544255512232,478104.167815851,1901255.68396331
460300,三沙市,Hainan,海南省,805.563065522129,0,0,,,,,832431.064700207,1756460.90895581
460400,儋州市,Hainan,海南省,3260.16854597765,256.609207809254,0.0787104114987721,2.4207356983736,1578.29202087037,101.838605315486,0.221550566260637,470662.589327056,2028303.90063022
469001,五指山市,Hainan,海南省,1143.82645208257,31.9794151752395,0.0279582755906847,2.41801897548401,1500.32921781619,220.092242232318,0.193131298246071,485580.947539784,1948413.03566551
469002,琼海市,Hainan,海南省,1687.67482456079,42.4538463527912,0.0251552288005717,2.40877923605055,1694.85553375417,129.5146561092,0.224909024324807,579681.388290281,1994885.62478424
469005,文昌市,Hainan,海南省,2366.76289477597,54.0330473597774,0.0228299368217415,2.41065948678707,1738.73445980668,57.4838344024474,0.211045210645237,615614.916790192,2055063.99974725
469006,万宁市,Hainan,海南省,1883.22949051321,52.6564555333788,0.0279607216213618,2.43275792289653,1614.61333442132,151.698256393518,0.218161380328346,568869.106928782,1953560.45972177
469007,东方市,Hainan,海南省,2257.75188829526,165.222142939776,0.0731799378826027,2.47371205912222,1193.32524391068,98.7737424321679,0.19853779801394,413032.642893774,1963634.97822641
469021,定安县,Hainan,海南省,1196.55756269372,0,0,2.41780799423364,1715.11102391862,84.421001201361,0.232992360573054,567881.407197512,2024061.51406621
469022,屯昌县,Hainan,海南省,1223.49666333861,0,0,2.4102577638873,1685.90743200021,126.676768838935,0.234714554849506,541245.974104167,2007214.09663299
469023,澄迈县,Hainan,海南省,2054.11799666366,4.89216572929045,0.00238163812265721,2.42173900788619,1709.48420605989,62.1633075362834,0.227582838972624,532287.959241281,2044320.42495275
469024,临高县,Hainan,海南省,1299.19500100152,3.95472584911384,0.00304398173181489,2.40388336181641,1719,112,0.229885811757561,502710.657151078,2055226.83012446
469025,白沙黎族自治县,Hainan,海南省,2117.48593723123,117.250531463492,0.0553725195534502,2.26050292682814,1525.13409421655,448.027549923983,0.196842166714096,466587.776357318,1989403.35541337
469026,昌江黎族自治县,Hainan,海南省,1594.00246110683,212.273931485343,0.13317039130413,2.33311680438412,1345.69844910479,323.439885933706,0.202370661848231,429328.128446486,1988518.2363315
469027,乐东黎族自治县,Hainan,海南省,2761.1883755297,98.8412618325339,0.0357966383997877,2.47725602027373,1292.13176251023,131.763879069066,0.19032227179166,437316.887985654,1927764.55904626
469028,陵水黎族自治县,Hainan,海南省,1088.57807277233,142.953157675688,0.131320996859346,2.44736318524848,1571.36193540489,149.883222502537,0.207436785119868,533282.821835716,1923153.76641683
469029,保亭黎族苗族自治县,Hainan,海南省,1152.98847586263,19.0422397338116,0.0165155507903622,2.4681130225419,1483.04291904098,142.702596406879,0.192684180579931,501737.580097939,1923779.23990432
469030,琼中黎族苗族自治县,Hainan,海南省,2705.43827183138,147.01642289245,0.054341074576775,2.35158243936405,1635.54474836787,289.89233581918,0.208990584961506,521455.132793287,1972816.62670221
510100,成都市,Sichuan,四川省,14333.6765214124,570.636882666358,0.0398109223278417,1.53795746924469,1062.44476202641,777.324613864053,0.195482229844848,-101189.896957411,3245559.88537823
510300,自贡市,Sichuan,四川省,4381.54351880579,0.951499283892161,0.000217160751641124,1.75982993981771,1189.45915343749,366.996283641003,0.238727177328613,-30421.0239100243,3091733.85708269
510400,攀枝花市,Sichuan,四川省,7399.23755818308,759.979728429168,0.102710545843832,1.63598662218344,840.841256092621,1864.80423758507,0.299732516528734,-323465.878208564,2819967.80673588
510500,泸州市,Sichuan,四川省,12233.6425314568,843.670182974707,0.0689631220468758,1.62395181899059,1077.0717612305,707.073413842505,0.2625816310588,64773.250812147,2996998.32184575
510600,德阳市,Sichuan,四川省,5911.13023841905,549.886914916631,0.093025680832182,1.4175080141116,935.098545088825,951.36495842948,0.258888158290608,-52990.1437899362,3298705.80755444
510700,绵阳市,Sichuan,四川省,20257.5215042697,2638.26217860558,0.130236178105476,1.23217748140896,887.631685315065,1337.08577371053,0.233125291593304,-27371.374084736,3379284.25808583
510800,广元市,Sichuan,四川省,16317.8579593116,1648.54592496689,0.10102710350081,1.40579916884011,917.123408209146,962.523048518541,0.220363356452579,72603.5120134887,3426236.811584
510900,遂宁市,Sichuan,四川省,5322.7007947432,0,0,1.70332507107191,1037.44791981295,376.050659938934,0.175964778115457,44637.3788699128,3242618.39434821
511000,内江市,Sichuan,四川省,5383.19475139102,0,0,1.70724689131921,1116.3663580074,427.674214770543,0.237228240465185,-8446.2618703747,3131355.76619749
511100,乐山市,Sichuan,四川省,12722.1689339216,718.469229239698,0.0564738004165325,1.44233970585837,1236.03683163685,1104.29347088835,0.249355320763198,-137616.138184369,3084696.77443809
511300,南充市,Sichuan,四川省,12481.8385212915,160.648622547518,0.0128705897190934,1.6772041008129,1074.06594573097,437.552718132468,0.18412792238783,113125.403076775,3306573.31196077
511400,眉山市,Sichuan,四川省,7137.67937138477,4.8582815922217,0.000680652819976579,1.61204160065047,1298.65943463874,676.406865701444,0.220979950402683,-118571.56564549,3164570.01752499
511500,宜宾市,Sichuan,四川省,13259.2937680681,815.139982627309,0.0614768777949833,1.65666461493881,1104.15102386517,615.001205029435,0.2707799232615,-35247.4600889816,3011835.38029588
511600,广安市,Sichuan,四川省,6340.93036896712,0,0,1.73313131806873,1148.95568220741,383.960820901325,0.198374712924568,157792.277264891,3220813.95718783
511700,达州市,Sichuan,四川省,16587.3580826366,488.926712898488,0.0294758641166787,1.59048488008292,1164.77424590015,635.173934601146,0.278199214890996,247735.543135265,3328225.51466238
511800,雅安市,Sichuan,四川省,15049.1024338267,825.868148295542,0.054878232899737,1.11284062973306,1044.48440585125,1998.41806279505,0.155188747876731,-223072.235286296,3164202.14734782
511900,巴中市,Sichuan,四川省,12294.9536980427,896.890993146244,0.0729478951424618,1.47573746675362,1043.17364514672,786.268502144465,0.192681524283643,189609.064074153,3400221.30328142
512000,资阳市,Sichuan,四川省,5745.30180238927,23.0340118884748,0.00400919093212749,1.70400690817175,1059.30585665169,396.975016549762,0.203417206929758,11030.286241338,3182926.25485406
513200,阿坝藏族羌族自治州,Sichuan,四川省,83057.0631801016,13483.3827386535,0.162338785196583,0.225484211174706,729.005006191475,3593.00116976939,0.225489768416649,-221741.765930618,3443781.2484893
513300,甘孜藏族自治州,Sichuan,四川省,149620.986263621,24427.4843779683,0.163262420519866,0.0477135610564548,659.120916740578,4248.48894168366,0.240957360287152,-469252.436975495,3288384.61156908
513400,凉山彝族自治州,Sichuan,四川省,60268.6892105719,2037.52451161942,0.033807347369055,1.02501961640311,876.339322858905,2685.18744200762,0.29018622645733,-285163.307420851,2939171.68149289
520100,贵阳市,Guizhou,贵州省,8043.39555297485,0,0,1.46055643696887,1107.82678140472,1185.38999552618,0.142286876409896,168690.313531263,2819949.8909188
520200,六盘水市,Guizhou,贵州省,9915.33810048407,0,0,1.38481514046914,1149.82702586926,1690.60816175135,0.190956665171288,-10936.1238974268,2739881.51757411
520300,遵义市,Guizhou,贵州省,30767.407963444,1499.41405777911,0.0487338439286347,1.45696015381296,1125.92047546641,993.39553102606,0.209127708862321,203004.942366796,2968673.32433958
520400,安顺市,Guizhou,贵州省,9234.59443549886,0.498830910974614,5.40176306018432e-05,1.50206184230484,1209.12418092783,1291.08908444691,0.15105149688464,94745.734187396,2724787.4740938
520500,毕节市,Guizhou,贵州省,26846.7920939858,256.259388357087,0.00954525171796946,1.25113019248058,1035.5803725484,1740.85039875218,0.199354992130821,21059.2581288769,2843930.67906693
520600,铜仁市,Guizhou,贵州省,18011.3773718114,636.216349547303,0.0353230259082246,1.57608916141135,1210.23990655744,662.651823176131,0.246013523241074,345686.239189304,2950712.6964749
522300,黔西南布依族苗族自治州,Guizhou,贵州省,16801.8450239282,278.93190053507,0.0166012661191572,1.6689150847334,1259.17535323726,1165.49915369453,0.171752618771713,46791.3160926952,2643545.18629389
522600,黔东南苗族侗族自治州,Guizhou,贵州省,30280.0861170335,466.38732049952,0.0154024436620463,1.55989302936665,1235.59853748599,759.634161438272,0.227696866643956,353122.214739012,2787399.27797602
522700,黔南布依族苗族自治州,Guizhou,贵州省,26188.1923048956,227.095685552881,0.00867168237154068,1.56536290702477,1213.76179493488,964.92290601704,0.136535755735619,224568.772590406,2728812.75445495
530100,昆明市,Yunnan,云南省,21011.1731559877,2509.04425161816,0.119414762469041,1.39701158427152,907.432990600873,2132.12123429058,0.303589034597302,-213788.189080098,2659028.94853121
530300,曲靖市,Yunnan,云南省,28921.860747873,227.234530950584,0.00785684340753543,1.38679381229665,1009.69423176059,1964.18224732347,0.304349649192814,-106227.965868253,2692313.48378706
530400,玉溪市,Yunnan,云南省,14941.5634596585,273.064842876376,0.0182755200694785,1.647219393002,1012.63220388477,1767.60214271991,0.284809395015011,-285236.119510774,2522837.06459741
530500,保山市,Yunnan,云南省,19059.5433318198,809.223903049428,0.0424576753472593,1.65423168716141,1226.89534913656,1734.56721943472,0.28231389517828,-608304.768354229,2629855.35550784
530600,昭通市,Yunnan,云南省,22443.3550393753,1212.66482674223,0.0540322436023801,1.32223205597351,944.623045957555,1589.74437341475,0.249491131919122,-97988.6723560504,2909568.35947485
530700,丽江市,Yunnan,云南省,20558.0037864824,144.484011587322,0.00702811484460985,1.33513722065112,798.561973582919,2374.76816072874,0.293747846846111,-441897.279613788,2839508.66254013
530800,普洱市,Yunnan,云南省,44266.3064599749,1.53301164433734,3.46315689501556e-05,1.84298588842428,1317.90862635627,1516.19729269344,0.267381540762973,-440749.239325069,2423120.5429303
530900,临沧市,Yunnan,云南省,23624.0034040544,368.013306047469,0.015577939934783,1.7214854114459,1234.43095613566,1786.97985460626,0.271186809918998,-543885.416225052,2511302.60054927
532300,楚雄彝族自治州,Yunnan,云南省,28436.4366078923,36.2816835663271,0.00127588713264648,1.64250304352389,831.550914227879,1884.02819897816,0.294932554391899,-345071.10953,2658812.62975556
532500,红河哈尼族彝族自治州,Yunnan,云南省,32172.020212784,1187.36895469612,0.0369068820311227,1.69957960037155,1217.72861453438,1503.49791753772,0.26702443808375,-201903.307697409,2443534.28303752
532600,文山壮族苗族自治州,Yunnan,云南省,31424.6673137502,377.94706099028,0.0120270823304756,1.68656125496881,1294.00264801672,1365.13123403889,0.259163044888367,-29279.0810749043,2469198.27060653
532800,西双版纳傣族自治州,Yunnan,云南省,19096.4626552017,2972.00360278439,0.155631105951177,2.01572888494386,1574.44679105017,1134.25110544025,0.256661947910907,-423091.231590497,2284410.27339197
532900,大理白族自治州,Yunnan,云南省,28297.9018929956,940.553479485403,0.033237569450978,1.46904021837867,893.785827248311,2170.46131489424,0.287497509593211,-496442.221599656,2707074.98282914
533100,德宏傣族景颇族自治州,Yunnan,云南省,11177.5970379654,0,0,1.70152535661888,1589.59888292548,1564.06632133793,0.251143727351494,-700887.155770993,2589540.57894767
533300,怒江傈僳族自治州,Yunnan,云南省,14598.1585159134,474.898982046655,0.0325314306957942,1.05155298958396,1086.80553044244,2652.82760539983,0.272351877568174,-604774.7144225,2849967.67166332
533400,迪庆藏族自治州,Yunnan,云南省,23195.5648318966,2858.8936137781,0.12325173516994,0.541918206260904,758.353036252519,3486.29739118443,0.278808503406537,-542469.074230717,2957984.47249548
540100,拉萨市,Tibet,西藏自治区,29654.4691567516,2527.95631322666,0.085247060059111,-0.0548334003363398,377.460307466948,4799.53307255153,0.254279356695761,-1321295.43273434,3268541.93463049
540200,日喀则市,Tibet,西藏自治区,179143.80800735,35488.3948684221,0.19810003629579,-0.0686263639304055,273.40046428286,4950.04894523171,0.253287025009724,-1763260.81771084,3280627.02817789
540300,昌都市,Tibet,西藏自治区,109829.515329819,3127.27887362031,0.0284739385786148,-0.0345699572744458,612.972280568862,4533.39262515245,0.252825786983605,-750350.14817157,3288690.46676503
540400,林芝市,Tibet,西藏自治区,114198.268424676,11195.7802943867,0.0980380915475209,0.40446687537371,937.892815213747,3672.56485516064,0.260015832877214,-936532.912548167,3128735.26025754
540500,山南市,Tibet,西藏自治区,79150.8011357051,1841.21206581555,0.0232620774445324,0.533821678019669,797.428848478279,3691.916948686,0.192096833994042,-1234528.90520982,3060374.48723882
540600,那曲市,Tibet,西藏自治区,352972.65861184,173293.168599076,0.490953518271355,-0.343438808399997,316.580331526178,4951.07017518311,0.281185773129487,-1442983.07359776,3593153.52948393
542500,阿里地区,Tibet,西藏自治区,337133.531820283,152799.90177034,0.453232583971486,-0.439917128015403,134.381348069318,5060.58366900321,0.364880946852571,-2045884.31986562,3744201.88841461
5e+05,重庆市,Chongqing,重庆市,82370.371444999,2484.40575186654,0.0301614003710721,1.55125217534094,1232.72322421861,723.603795159356,0.252981382456,272757.43078167,3181792.58502979
610100,西安市,Shaanxi,陕西省,10103.7579562818,767.246731231072,0.075936768730099,1.13696507331741,674.931249386865,897.121465702314,0.384814608473901,343606.441434972,3640592.63816731
610200,铜川市,Shaanxi,陕西省,3885.90414626226,0,0,1.04195627404701,585.787728648575,1022.84293388944,0.425646287759674,360482.328499279,3764210.06287925
610300,宝鸡市,Shaanxi,陕西省,18126.7069326817,972.329771976794,0.0536407288752334,0.941816579254723,684.731255660945,1409.99989058743,0.408677832138754,198796.432612901,3666776.75217204
610400,咸阳市,Shaanxi,陕西省,10318.16633276,0,0,1.10680690085187,613.909665002299,868.58829143784,0.40209630085946,304808.875167147,3715592.54338911
610500,渭南市,Shaanxi,陕西省,12981.5698522793,2007.55955475737,0.154646901538252,1.19536403709108,585.293616056693,758.46684131663,0.410866687344173,434923.172761922,3739665.37247831
610600,延安市,Shaanxi,陕西省,37040.0500021499,402.23964536892,0.0108595869969283,0.900368577925804,496.332098881375,1261.83809982157,0.402390055307658,379931.722648044,3905278.36970186
610700,汉中市,Shaanxi,陕西省,27092.2017884387,1780.9705398761,0.06573738649164,1.13800150976863,859.843449157802,1251.81551425762,0.295213781128593,193081.541401219,3521403.34298507
610800,榆林市,Shaanxi,陕西省,42887.2349427653,11.4379461245899,0.000266698147825437,0.837759521536614,415.355472775121,1194.98643979461,0.411086041968534,392576.995243812,4086926.7093304
610900,安康市,Shaanxi,陕西省,23531.8263278699,845.633992665883,0.0359357569992074,1.22321785134213,942.088101493375,1018.18178994852,0.304058741371833,362185.777785615,3488748.23449
611000,商洛市,Shaanxi,陕西省,19584.2515706235,4396.57983151018,0.224495677848883,1.23731721939523,764.47764197989,934.132300699819,0.376809268264986,446737.391865045,3593154.88379582
620100,兰州市,Gansu,甘肃省,12960.7945161158,573.330122791419,0.0442357235182246,0.665703154338407,342.54473594331,2064.45844712558,0.165094727475222,-118384.296676597,3888115.97669535
620200,嘉峪关市,Gansu,甘肃省,1229.52553212271,0,0,0.556435126175415,119.366508854427,1832.96245734767,0.396958766684892,-571064.104733012,4300087.67738923
620300,金昌市,Gansu,甘肃省,7565.59105856719,643.159363785295,0.0850111192643685,0.414516134746498,250.918153536171,2117.22087514126,0.231833107006853,-253220.607846819,4126505.86548189
620400,白银市,Gansu,甘肃省,20095.0302242294,1410.63670919289,0.0701982875095173,0.732089168240478,279.510908789656,1839.79160191297,0.183040603719863,-32873.5887045479,3916939.99214843
620500,天水市,Gansu,甘肃省,14276.7859822009,32.6310397968609,0.00228560124369327,0.858766817714947,608.923383509084,1619.36590158328,0.38421703846241,66439.5307885735,3695301.0072815
620600,武威市,Gansu,甘肃省,32583.7786389418,20945.1648342945,0.642809573020558,0.554639802729453,220.581368728833,1963.05114704833,0.283994019107148,-167435.424271853,4093619.81997633
620700,张掖市,Gansu,甘肃省,38581.889051732,12898.4337323965,0.334313172563992,0.153827314643066,281.950298099166,2620.37516293964,0.260729245921841,-439329.786324863,4193184.29505301
620800,平凉市,Gansu,甘肃省,11119.9777136282,183.558544621884,0.0165070964483069,0.806179456665039,558.962185754483,1590.79353497809,0.39916966032227,147080.762078574,3770743.636975
620900,酒泉市,Gansu,甘肃省,167655.493643141,31494.5652159268,0.187852867398212,0.448104486512196,86.4812301515641,2137.93349074609,0.338962414744478,-748390.067000161,4362572.91503446
621000,庆阳市,Gansu,甘肃省,27123.7651622184,0.855400293751478,3.1536930386899e-05,0.854334365313092,488.987350716955,1436.0389800724,0.415688731621257,229089.316516978,3868948.59465311
621100,定西市,Gansu,甘肃省,19611.7212711974,77.2243428542672,0.00393766267562054,0.54651614986322,517.696549015842,2251.69111353938,0.227368385723086,-49059.7821918622,3748305.51376259
621200,陇南市,Gansu,甘肃省,27845.2763013406,3187.99724076327,0.114489696789606,0.904090152538866,675.668784513659,1793.47596907008,0.35993715434681,20047.1066870543,3576353.03551836
622900,临夏回族自治州,Gansu,甘肃省,8088.31903500129,861.966122807908,0.10656925364564,0.623986851404507,466.585854197067,2197.86165545367,0.21636300126303,-152913.622591732,3807260.19357875
623000,甘南藏族自治州,Gansu,甘肃省,36695.6129603865,9553.92610405431,0.260356084373571,0.190827840055788,636.239754713509,3256.08790162683,0.276248403212658,-202007.10617707,3660546.84618872
630100,西宁市,Qinghai,青海省,7564.13625853116,0,0,0.128255925059974,468.842308324896,3055.29879118876,0.157739804258282,-311910.216140021,3946874.45601077
630200,海东市,Qinghai,青海省,12989.3379353251,212.266910011876,0.0163416265762558,0.31820563819272,452.284408924503,2777.85183740063,0.18073373724849,-234022.942999012,3888266.06224542
632200,海北藏族自治州,Qinghai,青海省,34389.5710189085,4129.54424284994,0.120081295593347,-0.248558169992188,420.574193766922,3697.00074921513,0.217421696422637,-405405.695974168,4056114.67225135
632300,黄南藏族自治州,Qinghai,青海省,18027.4200221785,11.061344063156,0.000613584420263554,-0.0101142962537809,573.922446671377,3614.56729191601,0.247328678011544,-302168.499267778,3742203.49328274
632500,海南藏族自治州,Qinghai,青海省,43693.257152766,3125.91231377399,0.0715422130889619,-0.00976730686667199,408.966635286881,3541.16384060653,0.20136497181682,-420062.703119333,3846281.23698449
632600,果洛藏族自治州,Qinghai,青海省,74249.6555623857,120.08521623283,0.00161731681208854,-0.360988558774236,531.427703805609,4361.33442563463,0.236232917647713,-504626.308824637,3648998.29068716
632700,玉树藏族自治州,Qinghai,青海省,204924.464304658,48988.5003140513,0.239056378555275,-0.419165455712338,390.347925190283,4657.78899814436,0.231840465403857,-962504.167536275,3697717.84113742
632800,海西蒙古族藏族自治州,Qinghai,青海省,300823.594297625,11934.5454937552,0.0396729037215996,-0.106718586593828,176.087000673722,3788.36980196598,0.23440090912456,-919458.413223962,3977099.82649071
640100,银川市,Ningxia,宁夏回族自治区,6945.96704424861,1464.13475768649,0.210789188655714,0.860694567860227,220.133996901828,1244.04838826281,0.443666879211038,115697.365620271,4106183.2374916
640200,石嘴山市,Ningxia,宁夏回族自治区,4083.90676478036,1009.21725302523,0.247120541959656,0.727933423127571,194.166369072075,1317.79185183183,0.452234571102034,128745.457831857,4188592.82346591
640300,吴忠市,Ningxia,宁夏回族自治区,16747.0293850192,1337.76218718873,0.0798805660653706,0.844338373637088,289.483950212846,1459.20842648678,0.438343468268466,132575.64487604,4013914.32316811
640400,固原市,Ningxia,宁夏回族自治区,10523.6592747137,838.4881419758,0.0796764813538314,0.670071764694326,459.942980649036,1876.84797229352,0.378603337491326,104616.76002896,3838783.26962498
640500,中卫市,Ningxia,宁夏回族自治区,13659.2250209264,1931.39653938235,0.141398691098755,0.789552622224462,271.342417436159,1686.51109435866,0.304615179704525,43957.5610621003,3962284.5932684
650100,乌鲁木齐市,Xinjiang,新疆维吾尔自治区,13793.0642769354,966.140907845332,0.0700454147423135,0.304001031251944,227.096018440984,1799.79875219533,0.390630173517852,-1365310.44742159,4840908.47407562
650200,克拉玛依市,Xinjiang,新疆维吾尔自治区,7373.55800708831,0,0,0.846837701558561,131.31708972739,388.460228985697,0.392285037772492,-1530768.93711372,5068401.5272208
650400,吐鲁番市,Xinjiang,新疆维吾尔自治区,69760.4614611571,1737.18662236723,0.0249021664418677,0.904204476173571,68.5230188818239,1084.71048051188,0.390816829042623,-1228615.92881682,4663362.58025244
650500,哈密市,Xinjiang,新疆维吾尔自治区,137207.670827367,15024.849557267,0.10950444291246,0.717989301357267,71.9845313952066,1217.238990948,0.390923601673192,-922398.675209977,4694409.77389981
652300,昌吉回族自治州,Xinjiang,新疆维吾尔自治区,73483.89068831,1075.69553384855,0.0146385217735848,0.575793850778533,159.062134204094,1033.42849433073,0.394400275134278,-1287768.68147752,4896155.00970651
652700,博尔塔拉蒙古自治州,Xinjiang,新疆维吾尔自治区,24177.0861768863,3330.11536658505,0.137738490991884,0.390923022062775,274.929332287745,1321.68604037545,0.443336318816224,-1783402.13931846,5038951.95694594
652800,巴音郭楞蒙古自治州,Xinjiang,新疆维吾尔自治区,470855.979951302,115618.923257527,0.245550504146692,0.469399507216314,87.3965429895842,2225.15485100422,0.335009451011036,-1474296.67881542,4369438.06801144
652900,阿克苏地区,Xinjiang,新疆维吾尔自治区,127775.801595631,2406.36303920642,0.0188326976560224,0.860630637945361,114.869380826955,1504.40795244236,0.401733399218869,-1925809.68145578,4636853.48087348
653000,克孜勒苏柯尔克孜自治州,Xinjiang,新疆维吾尔自治区,69739.451067001,0,0,0.127463831105915,136.529686742092,3112.27850715038,0.40101524785358,-2417810.70083746,4617053.42721071
653100,喀什地区,Xinjiang,新疆维吾尔自治区,110363.253317196,15622.443656964,0.141554758376535,0.604668320764905,57.8236977399536,2505.1392457128,0.396506634586216,-2365391.76018402,4420056.56028849
653200,和田地区,Xinjiang,新疆维吾尔自治区,246926.811024153,1436.66567245689,0.00581818420809867,0.466234649964753,42.2676576613984,2774.34863010765,0.428017197840263,-2082362.30080507,4221940.05489706
654000,伊犁哈萨克自治州,Xinjiang,新疆维吾尔自治区,55119.721191129,309.032721012266,0.00560657264467444,0.140542550716348,308.093895919267,2040.55190207538,0.416566015600154,-1815525.95798686,4898181.99412993
654200,塔城地区,Xinjiang,新疆维吾尔自治区,94649.0943618694,1481.76414067993,0.0156553440967406,0.452386854157923,229.954181589561,1136.83298039205,0.397272642766378,-1557505.98165435,5091968.3129243
654300,阿勒泰地区,Xinjiang,新疆维吾尔自治区,116990.48011688,25332.6979782065,0.216536404952761,0.267208865593987,188.262902035798,1145.88573193752,0.410216512921686,-1256793.02611952,5178558.21620023
659001,石河子市,Xinjiang,新疆维吾尔自治区,458.974406024083,0,0,0.835575761581322,142.011992176555,449.161064155886,0.372788461850835,-1490723.96652094,4927379.51458853
659002,阿拉尔市,Xinjiang,新疆维吾尔自治区,3926.95598104803,0,0,1.17831822893863,56.7222769748457,1015.18413366473,0.40092768500844,-1954461.32182874,4601729.46402312
659003,图木舒克市,Xinjiang,新疆维吾尔自治区,1997.40901971234,0,0,1.20989326120749,50.6448412734789,1101.44663282941,0.430251154158637,-2160965.53049534,4566707.62024829
659004,五家渠市,Xinjiang,新疆维吾尔自治区,739.129476393769,0,0,0.776488007119796,168.565203795037,475.592680383608,0.353142168960473,-1371498.96071056,4911658.76384948
659005,北屯市,Xinjiang,新疆维吾尔自治区,815.271463547522,0,0,0.550031480918537,154.933099107649,574.581687261714,0.418950860353489,-1283260.5362179,5222588.43286687
659006,铁门关市,Xinjiang,新疆维吾尔自治区,607.789568527353,0,0,1.05852628006667,79.3403876195455,1049.27469194246,0.396659887902943,-1576433.28106452,4657287.1538322
659007,双河市,Xinjiang,新疆维吾尔自治区,741.530739879416,0.130050341107284,0.000175380916950837,0.821126071824995,188.69844532602,454.084250055227,0.471460738079017,-1762395.20667831,5047791.58520811
659008,可克达拉市,Xinjiang,新疆维吾尔自治区,1035.32782079292,0,0,0.911731712171856,237.776669976194,641.653948943958,0.404781211996748,-1914120.5123478,4978317.27563868
659009,昆玉市,Xinjiang,新疆维吾尔自治区,1109.44201048439,0,0,1.25098595401838,30.1944853176197,1396.74207449072,0.435787248395578,-2204442.96323219,4288236.84895126
659010,胡杨河市,Xinjiang,新疆维吾尔自治区,937.505391633769,0,0,0.855937821224012,139.073135231033,324.726580023193,0.390542072094197,-1576355.49713171,5003084.30118507
710000,台湾省,,台湾省,36200.3677350194,0,0,,,,,1626896.42355144,2606262.90934353
810000,香港特别行政区,,香港特别行政区,1115.30417455466,0,0,,,,,947341.558173146,2368744.17444943
820000,澳门特别行政区,,澳门特别行政区,33.9563296610851,0,0,,,,,890141.729808019,2339578.33536052
