level,group,term,b
Abroscopus albogularis,Resident,species,0.285292944585751
Accipiter gularis,Long-distance,species,-0.157207231561258
Accipiter soloensis,Long-distance,species,0.0489236889106187
Accipiter trivirgatus,Resident,species,0.446008827753522
Accipiter virgatus,Partial,species,-0.125092086538575
Acridotheres cristatellus,Unknown,species,0.157056029747188
Acridotheres tristis,Partial,species,0.266119778587052
Acrocephalus agricola,Long-distance,species,-0.0797317131794203
Acrocephalus bistrigiceps,Long-distance,species,0.00802683356620391
Acrocephalus concinens,Unknown,species,-0.101713698450135
Acrocephalus orientalis,Unknown,species,-0.157500648031044
Acrocephalus tangorum,Long-distance,species,-0.065797350585952
Aegithalos bonvaloti,Unknown,species,0.159856624808937
Aegithalos caudatus,Resident,species,0.0160099440916413
Aegithalos concinnus,Resident,species,0.020163393368932
Aegithalos fuliginosus,Resident,species,0.0809172213154898
Aerodramus brevirostris,Resident,species,-0.267202921083187
Aethopyga christinae,Resident,species,0.0429987872447621
Aethopyga gouldiae,Unknown,species,-0.114731617192383
Agropsar sturninus,Unknown,species,0.138784491957271
Aix galericulata,Long-distance,species,-0.0663417189722677
Alauda gulgula,Partial,species,-0.163260529802727
Alaudala cheleensis,Unknown,species,0.161078897531519
Alcedo hercules,Resident,species,-0.145362554524599
Alcippe morrisonia,Partial,species,-0.114085377419676
Amaurornis phoenicurus,Unknown,species,0.45776023784563
Anastomus oscitans,Partial,species,0.312078780093894
Anser anser,Long-distance,species,-0.143906713945734
Anser fabalis,Unknown,species,0.147108141398127
Anser indicus,Long-distance,species,0.0262717866114926
Anthus godlewskii,Long-distance,species,-0.107212764653747
Anthus gustavi,Long-distance,species,0.164140423564754
Anthus richardi,Unknown,species,0.151410103585317
Anthus roseatus,Resident,species,-0.128309537515655
Anthus trivialis,Long-distance,species,-0.086533948222738
Aquila fasciata,Unknown,species,0.0407620977934731
Aquila heliaca,Long-distance,species,0.0207999044316593
Ardea intermedia,Partial,species,-0.013332169055868
Ardea purpurea,Long-distance,species,-0.268739416198902
Ardenna pacifica,Long-distance,species,-0.0305829528200701
Artamus fuscus,Resident,species,0.217132007963299
Asio flammeus,Long-distance,species,-0.112129022143243
Athene noctua,Resident,species,-0.0991448122378821
Aviceda jerdoni,Resident,species,0.0652253761755121
Aviceda leuphotes,Long-distance,species,0.251979118249126
Aythya fuligula,Partial,species,-0.303950260729243
Aythya nyroca,Long-distance,species,0.0319708776089856
Bombycilla japonica,Partial,species,0.0249233929115053
Branta canadensis,Unknown,species,0.613406101279761
Bubo nipalensis,Resident,species,-0.0282529964373225
Bucanetes mongolicus,Partial,species,0.314009034984706
Butastur indicus,Long-distance,species,-0.0356231507349026
Cacomantis merulinus,Unknown,species,0.147331128619599
Calandrella brachydactyla,Unknown,species,0.144896111162622
Calliope obscura,Unknown,species,-0.0489173565072959
Caprimulgus macrurus,Unknown,species,0.157072446223358
Carpodacus roborowskii,Resident,species,-0.14786378626636
Carpodacus vinaceus,Resident,species,-0.0936682589062219
Cecropis daurica,Long-distance,species,-0.0287916607767453
Centropus bengalensis,Resident,species,0.125134315396654
Cephalopyrus flammiceps,Partial,species,-0.0277070419576225
Certhia familiaris,Resident,species,-0.0876458832577844
Certhia himalayana,Resident,species,-0.00813325228681758
Certhia tianquanensis,Resident,species,-0.125184201754581
Ceryle rudis,Resident,species,0.134759842157005
Cettia brunnifrons,Partial,species,-0.148997294052105
Cettia castaneocoronata,Resident,species,-0.1558024181883
Chalcophaps indica,Unknown,species,0.479127637908911
Charadrius atrifrons,Unknown,species,0.0577983883725141
Charadrius dealbatus,Unknown,species,-0.216801673852601
Charadrius placidus,Long-distance,species,-0.129310900094297
Charadrius veredus,Long-distance,species,0.179248326327572
Chlidonias leucopterus,Long-distance,species,-0.149401850166012
Chlidonias niger,Long-distance,species,0.129618706616854
Chloris ambigua,Resident,species,0.0461560243483582
Chloris sinica,Resident,species,-0.290890859545867
Chrysolophus pictus,Resident,species,-0.27283861494449
Ciconia boyciana,Unknown,species,0.292379180695652
Ciconia nigra,Long-distance,species,-0.131108156933707
Circaetus gallicus,Unknown,species,0.441224558032773
Circus macrourus,Long-distance,species,0.0836394622237657
Circus spilonotus,Long-distance,species,-0.144711500017126
Cisticola exilis,Resident,species,-0.0395218949628252
Cisticola juncidis,Long-distance,species,-0.109257217977217
Clamator coromandus,Unknown,species,0.310040152946124
Clanga clanga,Long-distance,species,-0.176814173010992
Columba oenas,Resident,species,0.123799588661078
Copsychus saularis,Resident,species,-0.066426708725987
Coracias garrulus,Long-distance,species,-0.0697981968410099
Coturnicops exquisitus,Resident,species,-0.192856655383471
Crex crex,Long-distance,species,-0.0536464558314998
Crossoptilon mantchuricum,Resident,species,-0.0453229060854097
Curruca curruca,Unknown,species,0.311004059572849
Cyanistes cyanus,Partial,species,-0.145979414363928
Cyanoderma pyrrhops,Resident,species,0.132669043863671
Cygnus cygnus,Unknown,species,0.158295727134008
Cygnus olor,Long-distance,species,0.0189672701285471
Cyornis glaucicomans,Resident,species,0.101149953394328
Cyornis hainanus,Partial,species,0.0726100168513184
Cyornis rubeculoides,Resident,species,-0.157050912391692
Delichon dasypus,Long-distance,species,-0.129095318103323
Dendrocitta formosae,Resident,species,-0.0818621682374408
Dendrocopos hyperythrus,Resident,species,-0.160379566197165
Dendrocygna javanica,Unknown,species,0.155555529097076
Dicaeum cruentatum,Unknown,species,0.159917417588644
Dicaeum ignipectus,Unknown,species,0.156286458479202
Dicaeum minullum,Unknown,species,0.16344198970026
Dicrurus annectens,Long-distance,species,0.0764614808650869
Dicrurus hottentottus,Resident,species,-0.0098893219093702
Dicrurus remifer,Resident,species,0.0723662742531677
Egretta eulophotes,Long-distance,species,-0.20118778651489
Egretta garzetta,Unknown,species,0.156891647197787
Elachura formosa,Resident,species,0.10540754698713
Elanus caeruleus,Partial,species,0.520235239611723
Emberiza buchanani,Long-distance,species,-0.0934493230712643
Emberiza citrinella,Partial,species,-0.108190043471735
Emberiza elegans,Partial,species,0.0535645700385444
Emberiza godlewskii,Partial,species,0.0171093061184604
Emberiza hortulana,Long-distance,species,-0.0770344283089735
Emberiza leucocephalos,Unknown,species,0.158832602775796
Emberiza pallasi,Long-distance,species,-0.193719748685334
Emberiza pusilla,Long-distance,species,-0.174533102227179
Emberiza rustica,Long-distance,species,-0.0826110618242552
Emberiza siemsseni,Long-distance,species,0.133656590359372
Emberiza yessoensis,Long-distance,species,0.103726342129551
Enicurus leschenaulti,Unknown,species,0.153981597017434
Enicurus maculatus,Resident,species,0.0851836216659847
Enicurus schistaceus,Resident,species,-0.081775874910158
Erpornis zantholeuca,Resident,species,0.0320950981007372
Erythrogenys hypoleucos,Resident,species,-0.0466517618314698
Eudynamys scolopaceus,Partial,species,0.203480720091245
Eumyias thalassinus,Resident,species,0.511533107278653
Falco cherrug,Long-distance,species,-0.0606361410243836
Falco severus,Long-distance,species,-0.18060534942575
Ficedula albicilla,Long-distance,species,-0.212774111148035
Ficedula elisae,Long-distance,species,0.155403492823191
Ficedula erithacus,Resident,species,0.0404070751955039
Ficedula hyperythra,Resident,species,0.052715114221646
Ficedula mugimaki,Long-distance,species,-0.149385553998433
Ficedula strophiata,Unknown,species,0.154432394461661
Ficedula superciliaris,Unknown,species,0.154906950489479
Ficedula tricolor,Resident,species,0.119195567920246
Fringilla coelebs,Partial,species,0.575526140122575
Fringilla montifringilla,Long-distance,species,-0.244391178623937
Galerida cristata,Resident,species,-0.10800361881667
Gallicrex cinerea,Partial,species,-0.0916536783699468
Garrulax maesi,Resident,species,-0.256548647667399
Garrulax monileger,Resident,species,0.139762283915636
Gavia arctica,Long-distance,species,0.174337831783613
Gelochelidon nilotica,Long-distance,species,0.0481234490357375
Geokichla citrina,Long-distance,species,0.0928563526932422
Glaucidium cuculoides,Unknown,species,0.161136564988469
Gorsachius melanolophus,Unknown,species,0.302156006671302
Gracupica nigricollis,Resident,species,0.347693880512283
Grandala coelicolor,Partial,species,-0.0339774121485784
Grus japonensis,Long-distance,species,-0.0536996035974993
Grus monacha,Unknown,species,0.148507082217282
Grus nigricollis,Long-distance,species,0.0214448849392199
Gypaetus barbatus,Partial,species,0.114113570925406
Gyps himalayensis,Resident,species,0.0315122022535297
Halcyon coromanda,Long-distance,species,-0.11822928636615
Halcyon pileata,Partial,species,-0.144825093112053
Halcyon smyrnensis,Partial,species,0.300695689347529
Haliaeetus leucoryphus,Unknown,species,-0.0897653691473057
Harpactes wardi,Resident,species,-0.151759374616925
Helopsaltes certhiola,Unknown,species,-0.128782192733463
Helopsaltes pryeri,Unknown,species,-0.070038738030569
Hemiprocne coronata,Unknown,species,0.158026337772019
Hemitesia pallidipes,Unknown,species,0.138176172590946
Hemixos castanonotus,Partial,species,0.0264505593767075
Heterophasia desgodinsi,Resident,species,-0.0543221969704922
Heteroxenicus stellatus,Partial,species,-0.0445435074052663
Hieraaetus pennatus,Long-distance,species,0.603022342720052
Hierococcyx nisicolor,Unknown,species,0.14976879574077
Hirundapus caudacutus,Long-distance,species,-0.105520757815656
Hirundo rustica,Long-distance,species,-0.141942755009932
Histrionicus histrionicus,Partial,species,0.0623396693014906
Hydrocoloeus minutus,Partial,species,-0.10704844148657
Hydrophasianus chirurgus,Partial,species,0.306657286333156
Hydroprogne caspia,Long-distance,species,0.00350424940690848
Hypothymis azurea,Unknown,species,0.151495121829294
Hypsipetes leucocephalus,Long-distance,species,-0.102398792225511
Ianthocincla lunulata,Unknown,species,-0.039585214084276
Ibidorhyncha struthersii,Partial,species,-0.0247550814043812
Ictinaetus malaiensis,Resident,species,0.0250885953332548
Iduna caligata,Unknown,species,0.153198150808266
Indicator xanthonotus,Resident,species,-0.161437066912193
Ixobrychus cinnamomeus,Unknown,species,0.149039014234873
Ixobrychus eurhythmus,Long-distance,species,-0.127933762062637
Ixobrychus minutus,Long-distance,species,-0.0397892683413896
Ixos mcclellandii,Resident,species,-0.0227133621965962
Ketupa flavipes,Resident,species,-0.104300969863286
Lalage melaschistos,Resident,species,-0.0922584431863987
Lanius borealis,Long-distance,species,-0.00225171627302937
Lanius collurioides,Partial,species,0.011171156501651
Lanius isabellinus,Long-distance,species,-0.0175580924910295
Lanius schach,Partial,species,0.0285761115480828
Lanius sphenocercus,Partial,species,-0.156111030180996
Lanius tephronotus,Long-distance,species,0.083602050855628
Larus crassirostris,Unknown,species,0.162202740386262
Larvivora brunnea,Long-distance,species,-0.14978918101951
Larvivora cyane,Long-distance,species,-0.062286560887704
Leptopoecile elegans,Resident,species,-0.0288372641021426
Leptoptilos javanicus,Partial,species,0.0187139389505851
Limnodromus semipalmatus,Long-distance,species,-0.0545022306335495
Limosa limosa,Long-distance,species,-0.156705738208834
Linaria cannabina,Resident,species,-0.0899778931647238
Locustella davidi,Long-distance,species,-0.178547834907439
Locustella mandelli,Partial,species,0.114482729814352
Lonchura striata,Resident,species,0.0416273127747283
Lophotriorchis kienerii,Resident,species,-0.203461645394506
Lophura leucomelanos,Resident,species,-0.283674574099618
Lophura nycthemera,Resident,species,0.0918761589211693
Loxia curvirostra,Partial,species,-0.157425395690353
Macropygia unchall,Resident,species,0.191415983112765
Mareca falcata,Long-distance,species,-0.047321503931554
Megaceryle lugubris,Resident,species,0.089817358356101
Melanitta fusca,Long-distance,species,0.0487863687198141
Melanitta stejnegeri,Long-distance,species,-0.086962180998917
Melanochlora sultanea,Resident,species,-0.0345019415114409
Mergus serrator,Long-distance,species,0.192384707094119
Merops philippinus,Unknown,species,0.144644243600763
Mixornis gularis,Resident,species,-0.0749740905265329
Monticola gularis,Long-distance,species,-0.155579754783981
Monticola rufiventris,Resident,species,-0.138728774165574
Monticola solitarius,Partial,species,-0.156257952527193
Motacilla citreola,Long-distance,species,-0.112296356949106
Moupinia poecilotis,Resident,species,-0.0719491950179297
Muscicapa dauurica,Long-distance,species,-0.131912683028121
Muscicapa ferruginea,Resident,species,0.0432421043380457
Muscicapa muttui,Long-distance,species,0.239504710270071
Mycerobas affinis,Partial,species,-0.0232356592062366
Mycerobas carnipes,Resident,species,-0.102583093972515
Myiomela leucura,Resident,species,-0.0731305410807843
Myophonus caeruleus,Resident,species,-0.248408272104049
Netta rufina,Partial,species,0.301453875483782
Niltava davidi,Long-distance,species,-0.113569543055005
Niltava grandis,Resident,species,-0.110294806733053
Niltava macgrigoriae,Unknown,species,0.151828149054726
Niltava sundara,Long-distance,species,-0.165766360351288
Ninox japonica,Long-distance,species,-0.121755532371696
Nipponia nippon,Resident,species,-0.0866860481966677
Nisaetus nipalensis,Resident,species,0.0237150354307389
Numenius madagascariensis,Long-distance,species,-0.296157266425176
Nycticorax nycticorax,Unknown,species,0.154534984449021
Oenanthe deserti,Unknown,species,0.268159139070598
Oenanthe oenanthe,Long-distance,species,-0.017123806621418
Onychoprion anaethetus,Partial,species,0.359434428214556
Oriolus oriolus,Unknown,species,0.0870832208542604
Otus lettia,Unknown,species,-0.0974041779960419
Otus semitorques,Partial,species,0.146088833557261
Otus spilocephalus,Resident,species,0.125245026517579
Oxyura leucocephala,Resident,species,0.0449486822086253
Panurus biarmicus,Partial,species,0.0330782252259199
Paradoxornis guttaticollis,Partial,species,-0.066176585768859
Paradoxornis heudei,Partial,species,0.174707309852967
Parayuhina diademata,Unknown,species,-0.0681668247155903
Pardaliparus venustulus,Resident,species,-0.0133815412750586
Parus monticolus,Resident,species,-0.170183161099448
Passer cinnamomeus,Resident,species,-0.0102878548984388
Passer domesticus,Resident,species,0.488128080542466
Passer hispaniolensis,Resident,species,0.172805212892268
Pelecanus crispus,Partial,species,-0.105931961324233
Pellorneum tickelli,Unknown,species,-0.106854871112122
Perdix hodgsoniae,Partial,species,0.0330722504452566
Pericrocotus cantonensis,Unknown,species,0.155662798519651
Pericrocotus divaricatus,Long-distance,species,-0.16615883165493
Pericrocotus ethologus,Long-distance,species,0.162954726277467
Pericrocotus solaris,Resident,species,0.0417377889195446
Periparus rubidiventris,Resident,species,-0.207083822226759
Pernis ptilorhynchus,Resident,species,-0.298341270456821
Phasianus colchicus,Resident,species,-0.298336571395785
Phoenicurus erythronotus,Long-distance,species,-0.01926792615298
Phoenicurus frontalis,Partial,species,0.0174556752755735
Phoenicurus leucocephalus,Resident,species,-0.225543722144131
Phoenicurus ochruros,Unknown,species,0.602668174912451
Phoenicurus schisticeps,Unknown,species,0.161086621758463
Phylloscopus affinis,Long-distance,species,0.0135894120354852
Phylloscopus burkii,Unknown,species,0.16376887516944
Phylloscopus cantator,Resident,species,0.161349265309342
Phylloscopus castaniceps,Partial,species,0.118072627419957
Phylloscopus claudiae,Partial,species,-0.132790191910682
Phylloscopus coronatus,Long-distance,species,-0.208342886291876
Phylloscopus emeiensis,Partial,species,-0.158512327303721
Phylloscopus intermedius,Partial,species,0.329089748071995
Phylloscopus magnirostris,Long-distance,species,-0.0906765252333543
Phylloscopus ogilviegranti,Partial,species,-0.0576982103667704
Phylloscopus omeiensis,Long-distance,species,-0.112343572890863
Phylloscopus pulcher,Resident,species,-0.108385861804259
Phylloscopus ricketti,Resident,species,0.11653082829896
Phylloscopus soror,Long-distance,species,0.207379122236732
Phylloscopus subaffinis,Unknown,species,0.148829125656823
Phylloscopus tenellipes,Long-distance,species,-0.0803142405644877
Phylloscopus tephrocephalus,Partial,species,0.450615112034368
Phylloscopus yunnanensis,Unknown,species,0.159928451395727
Picumnus innominatus,Resident,species,0.0241984237589193
Picus chlorolophus,Resident,species,-0.0305630451866597
Pitta nympha,Long-distance,species,0.058431351354724
Platalea minor,Partial,species,-0.0420377465391751
Pnoepyga immaculata,Resident,species,-0.118888840612973
Podiceps auritus,Unknown,species,0.0667450694654673
Podiceps grisegena,Long-distance,species,-0.0971016151152364
Podiceps nigricollis,Long-distance,species,0.00144026965756011
Podoces biddulphi,Partial,species,-0.0869659106449826
Pomatorhinus schisticeps,Resident,species,-0.028730863546695
Pomatorhinus superciliaris,Resident,species,-0.29710997818975
Prinia atrogularis,Resident,species,0.162109585302859
Prinia flaviventris,Resident,species,0.0803603762027093
Prinia inornata,Resident,species,-0.0883745243473563
Prunella collaris,Partial,species,-0.127198318825536
Prunella himalayana,Partial,species,-0.00781813851125669
Prunella immaculata,Partial,species,-0.111219641146098
Prunella montanella,Long-distance,species,0.0342675100871107
Prunella strophiata,Partial,species,0.0946261416535584
Psarisomus dalhousiae,Resident,species,-0.139953362841115
Pseudopodoces humilis,Partial,species,0.00368245321629605
Psilopogon faber,Resident,species,0.0543450138482225
Psilopogon virens,Resident,species,-0.113287339664953
Pterorhinus berthemyi,Unknown,species,-0.180249197032104
Pterorhinus lanceolatus,Unknown,species,-0.0562275878956499
Pterorhinus pectoralis,Unknown,species,-0.0870778842924746
Pterorhinus sannio,Unknown,species,-0.130788944807486
Pteruthius rufiventer,Resident,species,-0.158737661994604
Pteruthius xanthochlorus,Resident,species,0.235519746448736
Ptyonoprogne rupestris,Partial,species,0.0753051049338003
Pycnonotus aurigaster,Resident,species,-0.1449451402777
Pycnonotus jocosus,Resident,species,0.273895414287575
Pycnonotus sinensis,Long-distance,species,0.37252826511372
Pycnonotus xanthorrhous,Resident,species,-0.00207853163049301
Pyrrhula erythaca,Resident,species,-0.0870857813000851
Pyrrhula nipalensis,Resident,species,0.180580422289853
Rallina eurizonoides,Resident,species,0.0926242690109116
Rallus aquaticus,Partial,species,0.179598142543084
Recurvirostra avosetta,Partial,species,-0.149549651234607
Regulus regulus,Long-distance,species,-0.0228135005443599
Remiz consobrinus,Long-distance,species,0.281317651582661
Remiz coronatus,Long-distance,species,0.0962999327967187
Rhodospiza obsoleta,Partial,species,-0.082785060513024
Rubigula flaviventris,Resident,species,-0.170205564567505
Sasia ochracea,Resident,species,0.102092616105152
Saxicola ferreus,Unknown,species,0.157227787474675
Sitta cinnamoventris,Resident,species,-0.0801732202587516
Sitta formosa,Resident,species,-0.149086266746483
Sitta villosa,Resident,species,0.0346189892696404
Sittiparus varius,Resident,species,-0.180793434432951
Spilopelia chinensis,Resident,species,0.00407996581087842
Spilopelia senegalensis,Resident,species,-0.0394910082316876
Spilornis cheela,Resident,species,0.0639150616169578
Spinus spinus,Resident,species,-0.20574560860811
Spizixos semitorques,Resident,species,0.103762627101364
Spodiopsar cineraceus,Unknown,species,0.151291226056584
Spodiopsar sericeus,Partial,species,0.247469536922075
Stachyris humei,Resident,species,-0.171511809879278
Staphida torqueola,Unknown,species,-0.118116116832143
Streptopelia decaocto,Resident,species,-0.0962034330016868
Sturnia sinensis,Long-distance,species,-1.8488245782453e-05
Sturnus vulgaris,Partial,species,0.184482964563088
Suthora fulvifrons,Resident,species,-0.121026786775876
Syrmaticus humiae,Resident,species,-0.0351492268865049
Syrmaticus reevesii,Resident,species,-0.186461427919261
Syrrhaptes paradoxus,Partial,species,-0.256695336606531
Tarsiger chrysaeus,Partial,species,0.0983150489817867
Tarsiger indicus,Resident,species,-0.0935709834368223
Temnurus temnurus,Unknown,species,-0.249410944081694
Tephrodornis virgatus,Resident,species,-0.150763336709456
Thalasseus bergii,Long-distance,species,0.00667864669406069
Timalia pileata,Unknown,species,0.163411958600449
Tragopan caboti,Resident,species,-0.0646025753968406
Tragopan temminckii,Resident,species,-0.0965017057865755
Treron curvirostra,Resident,species,-0.0858103198190569
Treron sieboldii,Partial,species,0.132818805509454
Treron sphenurus,Partial,species,-0.100735079019059
Turdus boulboul,Partial,species,0.998650671836648
Turdus cardis,Long-distance,species,0.0369471386022773
Turdus feae,Long-distance,species,0.260307362406732
Turdus mandarinus,Resident,species,0.0130272127608788
Turdus pilaris,Long-distance,species,-0.071056170028629
Turdus rubrocanus,Resident,species,0.286531311779186
Turdus ruficollis,Long-distance,species,0.0670332913086912
Turdus viscivorus,Resident,species,0.329545304337858
Turnix suscitator,Unknown,species,0.290968150008936
Tyto longimembris,Unknown,species,0.163263727862725
Urile pelagicus,Unknown,species,-0.101125842492421
Urosphena squameiceps,Long-distance,species,-0.186276906156144
Vanellus cinereus,Long-distance,species,-0.278095734682688
Vanellus indicus,Unknown,species,0.159910616046055
Vanellus vanellus,Partial,species,-0.278346519755027
Yuhina nigrimenta,Resident,species,0.0801847449369416
Zoothera dixoni,Unknown,species,0.302807987286337
Zoothera mollissima,Resident,species,0.0316760869612424
Zoothera monticola,Resident,species,-0.0698521450985221
Zosterops erythropleurus,Long-distance,species,-0.186956657489312
Anhui,,province,0.260720544156162
Beijing,,province,0.0378043329088934
Chongqing,,province,-0.0560719570712979
Fujian,,province,-0.329420427920459
Gansu,,province,0.459798083262848
Guangdong,,province,-0.310736861480616
Guangxi,,province,0.270536379894647
Guizhou,,province,0.507348770268149
Hainan,,province,0.240447959653176
Hebei,,province,-0.310810609664022
Heilongjiang,,province,0.49566138943641
Henan,,province,0.182082330715742
Hubei,,province,0.0580868580301909
Hunan,,province,0.721081244561237
Inner Mongolia,,province,0.462234556930478
Jiangsu,,province,0.18020932779516
Jiangxi,,province,0.203252661979229
Jilin,,province,0.241275800954931
Liaoning,,province,0.171481017609902
Ningxia,,province,0.233467942193742
Qinghai,,province,0.217661782380363
Shaanxi,,province,0.412378211336566
Shandong,,province,0.164871202166497
Shanghai,,province,0.0229064142265928
Shanxi,,province,-0.276954684579988
Sichuan,,province,-0.240822822447894
Tianjin,,province,0.0582997486866465
Tibet,,province,0.442849732412849
Xinjiang,,province,-0.291022923178855
Yunnan,,province,-0.036025539414876
Zhejiang,,province,0.023107764105843
Anhui.2002,,province_year,-0.322545372963924
Beijing.2002,,province_year,0.268268208734817
Chongqing.2002,,province_year,-0.231601062219803
Fujian.2002,,province_year,-0.137300074778236
Gansu.2002,,province_year,-0.340571617247023
Guangdong.2002,,province_year,-0.179172896257352
Guangxi.2002,,province_year,0.211453102263477
Guizhou.2002,,province_year,-0.248818923592397
Hainan.2002,,province_year,-0.178772042943793
Hebei.2002,,province_year,-0.205070734985418
Heilongjiang.2002,,province_year,0.590559774552625
Henan.2002,,province_year,-0.245802853462949
Hubei.2002,,province_year,-0.291568875288744
Hunan.2002,,province_year,-0.459811703398095
Jiangsu.2002,,province_year,-0.314449210168135
Jiangxi.2002,,province_year,-0.230363377797726
Jilin.2002,,province_year,-0.237556037100533
Liaoning.2002,,province_year,0.192365539889717
Ningxia.2002,,province_year,0.319619012411422
Qinghai.2002,,province_year,-0.29537522936688
Shaanxi.2002,,province_year,0.00401279405756204
Shanghai.2002,,province_year,-0.243326089176547
Shanxi.2002,,province_year,-0.14611961123762
Sichuan.2002,,province_year,-0.321858658437234
Tianjin.2002,,province_year,0.354074748023834
Tibet.2002,,province_year,-0.343634191144857
Xinjiang.2002,,province_year,-0.197453218411731
Yunnan.2002,,province_year,-0.330968979313122
Zhejiang.2002,,province_year,0.215892763950921
Beijing.2003,,province_year,-0.182325585159565
Chongqing.2003,,province_year,-0.191769229677435
Fujian.2003,,province_year,-0.189641002094846
Guangdong.2003,,province_year,-0.17064299812568
Guangxi.2003,,province_year,-0.268299989449253
Hainan.2003,,province_year,-0.215804897142774
Hebei.2003,,province_year,-0.160029698744574
Henan.2003,,province_year,-0.243309495687612
Hubei.2003,,province_year,0.258185938385856
Hunan.2003,,province_year,-0.402398855130349
Inner Mongolia.2003,,province_year,-0.351929164433042
Jiangsu.2003,,province_year,-0.278622889044691
Jiangxi.2003,,province_year,0.731341425186229
Jilin.2003,,province_year,-0.259868863052809
Qinghai.2003,,province_year,-0.153469899212557
Shaanxi.2003,,province_year,-0.373683535114941
Shandong.2003,,province_year,-0.253448360787723
Shanghai.2003,,province_year,-0.23883937192745
Sichuan.2003,,province_year,-0.221989504573145
Tianjin.2003,,province_year,-0.163376202005935
Tibet.2003,,province_year,0.24242041120954
Xinjiang.2003,,province_year,-0.194406041417249
Yunnan.2003,,province_year,0.139136548989904
Zhejiang.2003,,province_year,-0.244316657686789
Anhui.2004,,province_year,-0.316484299919453
Beijing.2004,,province_year,0.299007929067379
Chongqing.2004,,province_year,-0.172664778674344
Fujian.2004,,province_year,0.344431703545935
Gansu.2004,,province_year,-0.344029295230083
Guangdong.2004,,province_year,-0.138485586698729
Guangxi.2004,,province_year,1.00185295037771
Guizhou.2004,,province_year,-0.304463025052063
Hainan.2004,,province_year,0.266821154232184
Hebei.2004,,province_year,0.336512780210213
Heilongjiang.2004,,province_year,-0.270015636501811
Henan.2004,,province_year,-0.289297510488526
Hunan.2004,,province_year,-0.410724580048271
Inner Mongolia.2004,,province_year,0.0762230859418642
Jiangsu.2004,,province_year,-0.316195132299611
Jiangxi.2004,,province_year,1.05331121369672
Jilin.2004,,province_year,-0.258459029388114
Liaoning.2004,,province_year,0.57233217082225
Qinghai.2004,,province_year,-0.305836272221442
Shaanxi.2004,,province_year,0.337270235879083
Shandong.2004,,province_year,-0.243769676396634
Shanghai.2004,,province_year,0.17923780911551
Sichuan.2004,,province_year,-0.254071672538551
Tibet.2004,,province_year,-0.418376158737009
Xinjiang.2004,,province_year,0.286456168019693
Yunnan.2004,,province_year,-0.271258284548355
Zhejiang.2004,,province_year,-0.28253214006369
Anhui.2005,,province_year,0.131823946338651
Beijing.2005,,province_year,0.309494926668507
Chongqing.2005,,province_year,-0.160160728060263
Fujian.2005,,province_year,-0.14921816913478
Gansu.2005,,province_year,-0.313183952665324
Guangdong.2005,,province_year,-0.154721978273701
Guangxi.2005,,province_year,1.23897474307604
Hainan.2005,,province_year,0.275256229964131
Hebei.2005,,province_year,-0.208759881235765
Heilongjiang.2005,,province_year,0.644471167553125
Henan.2005,,province_year,-0.285392113691539
Hubei.2005,,province_year,-0.277279157305639
Hunan.2005,,province_year,-0.369427964415509
Inner Mongolia.2005,,province_year,-0.32565121045392
Jiangsu.2005,,province_year,-0.318517300188144
Jiangxi.2005,,province_year,-0.240708242075875
Jilin.2005,,province_year,-0.245725373125228
Qinghai.2005,,province_year,-0.266117146226224
Shaanxi.2005,,province_year,0.37235855543332
Shandong.2005,,province_year,-0.232372944110695
Shanghai.2005,,province_year,0.131408647670349
Shanxi.2005,,province_year,-0.163569821751783
Sichuan.2005,,province_year,-0.253252659937556
Tianjin.2005,,province_year,0.37767337247212
Tibet.2005,,province_year,-0.362284716604834
Xinjiang.2005,,province_year,-0.232313146704417
Yunnan.2005,,province_year,-0.321020430754753
Zhejiang.2005,,province_year,-0.329249979076062
Anhui.2006,,province_year,0.452836142870832
Beijing.2006,,province_year,0.288648105963088
Chongqing.2006,,province_year,0.755401630917985
Fujian.2006,,province_year,0.437765200579482
Gansu.2006,,province_year,0.0860996443560109
Guangdong.2006,,province_year,-0.158160857125986
Guangxi.2006,,province_year,0.273554365293292
Guizhou.2006,,province_year,-0.267387210490599
Hainan.2006,,province_year,0.697409154495386
Hebei.2006,,province_year,-0.190626730890066
Heilongjiang.2006,,province_year,0.298093946870559
Henan.2006,,province_year,0.128715196343018
Hubei.2006,,province_year,-0.329601160712563
Hunan.2006,,province_year,0.0450472128329781
Inner Mongolia.2006,,province_year,-0.341740675069167
Jiangsu.2006,,province_year,0.512963832835831
Jiangxi.2006,,province_year,0.221407493845646
Jilin.2006,,province_year,0.29040628325092
Liaoning.2006,,province_year,0.253182774337592
Qinghai.2006,,province_year,0.239845601841022
Shaanxi.2006,,province_year,0.765176143210871
Shandong.2006,,province_year,-0.294254571721702
Shanghai.2006,,province_year,-0.342831206341636
Sichuan.2006,,province_year,-0.296429908803768
Tibet.2006,,province_year,-0.376484245780892
Xinjiang.2006,,province_year,-0.251731895884848
Yunnan.2006,,province_year,0.119535488097198
Zhejiang.2006,,province_year,-0.342271630927552
Anhui.2007,,province_year,0.789486452643909
Beijing.2007,,province_year,0.267179633470271
Chongqing.2007,,province_year,1.47783718726363
Fujian.2007,,province_year,-0.19407151591003
Gansu.2007,,province_year,0.00535071911186916
Guangdong.2007,,province_year,-0.163975313620334
Guangxi.2007,,province_year,-0.229896207388435
Guizhou.2007,,province_year,-0.243524598057472
Hainan.2007,,province_year,0.724042236322818
Hebei.2007,,province_year,-0.217263037176633
Heilongjiang.2007,,province_year,0.300903885626227
Henan.2007,,province_year,-0.372387040615431
Hubei.2007,,province_year,-0.355104308441097
Hunan.2007,,province_year,-0.388146593714167
Inner Mongolia.2007,,province_year,0.0658264886601886
Jiangsu.2007,,province_year,0.780106801758913
Jiangxi.2007,,province_year,-0.27420091926633
Jilin.2007,,province_year,-0.265853382764161
Liaoning.2007,,province_year,0.195677545184319
Ningxia.2007,,province_year,-0.265478137622402
Qinghai.2007,,province_year,-0.31605142491419
Shaanxi.2007,,province_year,-0.161096472983056
Shandong.2007,,province_year,0.227599694875799
Shanghai.2007,,province_year,-0.312623447404943
Shanxi.2007,,province_year,-0.214466387996101
Sichuan.2007,,province_year,-0.296754718923704
Tibet.2007,,province_year,-0.488835531568515
Xinjiang.2007,,province_year,-0.28452832695387
Yunnan.2007,,province_year,0.489023981340805
Zhejiang.2007,,province_year,-0.356427997331403
Anhui.2008,,province_year,-0.413034492454424
Beijing.2008,,province_year,-0.224824778939105
Chongqing.2008,,province_year,0.278217061413148
Fujian.2008,,province_year,-0.171307073428428
Gansu.2008,,province_year,0.115857480136095
Guangdong.2008,,province_year,-0.149674972247981
Guangxi.2008,,province_year,-0.221260955362684
Guizhou.2008,,province_year,-0.335033359272147
Hainan.2008,,province_year,-0.153375024755854
Hebei.2008,,province_year,-0.220749970187946
Heilongjiang.2008,,province_year,0.285757478621264
Henan.2008,,province_year,0.00382119228194013
Hubei.2008,,province_year,-0.369569642755277
Hunan.2008,,province_year,-0.431736686671233
Inner Mongolia.2008,,province_year,-0.362970051374875
Jiangsu.2008,,province_year,-0.395271498498358
Jiangxi.2008,,province_year,0.561964167256295
Jilin.2008,,province_year,-0.236403283557215
Liaoning.2008,,province_year,-0.337285238839192
Qinghai.2008,,province_year,-0.251193465793635
Shaanxi.2008,,province_year,-0.544719868485822
Shandong.2008,,province_year,-0.281476777819163
Shanghai.2008,,province_year,0.141895733841395
Shanxi.2008,,province_year,-0.221072026296777
Sichuan.2008,,province_year,-0.248134887908291
Tianjin.2008,,province_year,-0.165234075166845
Tibet.2008,,province_year,-0.371026591597543
Xinjiang.2008,,province_year,0.164768046928974
Yunnan.2008,,province_year,-0.360143694464833
Zhejiang.2008,,province_year,-0.372411655890074
Anhui.2009,,province_year,-0.425624341311298
Beijing.2009,,province_year,0.256546194704977
Chongqing.2009,,province_year,-0.184413934753919
Fujian.2009,,province_year,-0.124962153298824
Gansu.2009,,province_year,-0.00732068539017866
Guangdong.2009,,province_year,-0.17473998210606
Guangxi.2009,,province_year,0.318159670371901
Guizhou.2009,,province_year,0.800413240321616
Hainan.2009,,province_year,-0.197937474067228
Hebei.2009,,province_year,-0.207229112184741
Heilongjiang.2009,,province_year,0.257129607859059
Henan.2009,,province_year,-0.412807090579055
Hubei.2009,,province_year,0.0835710302732289
Hunan.2009,,province_year,0.78535562468908
Inner Mongolia.2009,,province_year,0.0566771032254523
Jiangsu.2009,,province_year,-0.39257484332807
Jiangxi.2009,,province_year,0.137294918170913
Jilin.2009,,province_year,0.277597061538687
Liaoning.2009,,province_year,-0.326003998008434
Qinghai.2009,,province_year,-0.256700266208006
Shaanxi.2009,,province_year,-0.169234296259771
Shandong.2009,,province_year,0.986379125097951
Shanghai.2009,,province_year,0.151910392996249
Shanxi.2009,,province_year,-0.204076764652623
Sichuan.2009,,province_year,-0.252273084327346
Tianjin.2009,,province_year,-0.156515536892681
Tibet.2009,,province_year,-0.453897018426191
Yunnan.2009,,province_year,0.111913644121689
Zhejiang.2009,,province_year,-0.369567693862536
Anhui.2010,,province_year,-0.422272001253396
Beijing.2010,,province_year,-0.243422426836319
Chongqing.2010,,province_year,0.272371895825756
Fujian.2010,,province_year,-0.15972387330541
Gansu.2010,,province_year,-0.416527690781352
Guangdong.2010,,province_year,-0.171618525192308
Guangxi.2010,,province_year,-0.261109384491557
Guizhou.2010,,province_year,-0.223055908294813
Hainan.2010,,province_year,0.308447826552718
Hebei.2010,,province_year,-0.23428279117357
Heilongjiang.2010,,province_year,1.24344721025825
Henan.2010,,province_year,-0.0155067319143819
Hubei.2010,,province_year,-0.382646240986226
Hunan.2010,,province_year,0.470489633252054
Inner Mongolia.2010,,province_year,0.11363020092478
Jiangsu.2010,,province_year,-0.425933316048623
Jiangxi.2010,,province_year,0.137877250113637
Jilin.2010,,province_year,0.772882569701257
Liaoning.2010,,province_year,-0.291760347868927
Qinghai.2010,,province_year,-0.330796211870082
Shaanxi.2010,,province_year,0.134845533119296
Shandong.2010,,province_year,-0.279235788230778
Shanghai.2010,,province_year,-0.322410132417249
Shanxi.2010,,province_year,-0.21761955474051
Sichuan.2010,,province_year,-0.316615201489248
Tianjin.2010,,province_year,-0.13602048349471
Tibet.2010,,province_year,0.270807212124111
Xinjiang.2010,,province_year,1.95049763702733
Yunnan.2010,,province_year,0.0934401170228533
Zhejiang.2010,,province_year,-0.407849475662355
Anhui.2011,,province_year,0.625619239686565
Beijing.2011,,province_year,0.259853041540839
Chongqing.2011,,province_year,-0.197908142326753
Fujian.2011,,province_year,-0.141653945243104
Gansu.2011,,province_year,-0.498969409678469
Guangdong.2011,,province_year,-0.13296314342336
Guangxi.2011,,province_year,-0.248005820543352
Guizhou.2011,,province_year,0.365542110095498
Hainan.2011,,province_year,-0.110288588999039
Hebei.2011,,province_year,-0.219665028703297
Heilongjiang.2011,,province_year,-0.17648903901527
Henan.2011,,province_year,0.621319250313674
Hubei.2011,,province_year,0.394668491093944
Hunan.2011,,province_year,0.897172533090238
Inner Mongolia.2011,,province_year,0.104545478293358
Jiangsu.2011,,province_year,-0.444882396714177
Jiangxi.2011,,province_year,0.584522417487242
Jilin.2011,,province_year,-0.20322706825158
Liaoning.2011,,province_year,0.168360614024805
Ningxia.2011,,province_year,0.147939703877655
Qinghai.2011,,province_year,-0.3080946460619
Shaanxi.2011,,province_year,0.106217792279477
Shandong.2011,,province_year,0.173427418055093
Shanghai.2011,,province_year,1.17670928979897
Shanxi.2011,,province_year,-0.234995049480992
Sichuan.2011,,province_year,0.560132945238644
Tianjin.2011,,province_year,-0.135336946192042
Tibet.2011,,province_year,-0.481405746458027
Xinjiang.2011,,province_year,-0.355261595034066
Yunnan.2011,,province_year,0.476426189103986
Zhejiang.2011,,province_year,-0.396010188526852
Anhui.2012,,province_year,-0.0311667877608537
Beijing.2012,,province_year,-0.24987066292728
Chongqing.2012,,province_year,-0.160099543789246
Fujian.2012,,province_year,-0.175656988879958
Gansu.2012,,province_year,-0.0835832711018048
Guangdong.2012,,province_year,-0.154337543049811
Guangxi.2012,,province_year,0.680298352199828
Guizhou.2012,,province_year,-0.282442623723563
Hainan.2012,,province_year,-0.190968243960463
Hebei.2012,,province_year,-0.202308438666237
Heilongjiang.2012,,province_year,0.322275083435227
Henan.2012,,province_year,-0.453310766790506
Hubei.2012,,province_year,-0.398506555788885
Hunan.2012,,province_year,0.79550282601895
Inner Mongolia.2012,,province_year,-0.325060534178449
Jiangsu.2012,,province_year,-0.447392714896955
Jiangxi.2012,,province_year,-0.337816674854955
Jilin.2012,,province_year,-0.161451842898371
Liaoning.2012,,province_year,0.923008248411674
Ningxia.2012,,province_year,-0.306971744902146
Qinghai.2012,,province_year,0.0674105171829864
Shaanxi.2012,,province_year,-0.198003797826864
Shandong.2012,,province_year,-0.262159555537841
Shanghai.2012,,province_year,1.13369327903698
Shanxi.2012,,province_year,-0.241458418153795
Sichuan.2012,,province_year,0.864971689549819
Tianjin.2012,,province_year,-0.16481347619312
Tibet.2012,,province_year,0.195594029456773
Xinjiang.2012,,province_year,-0.335504044242263
Yunnan.2012,,province_year,-0.400732694184125
Zhejiang.2012,,province_year,-0.399690607634229
Anhui.2013,,province_year,-0.0682003378749682
Beijing.2013,,province_year,1.04017363920595
Chongqing.2013,,province_year,-0.194890340295776
Fujian.2013,,province_year,-0.201418150732585
Gansu.2013,,province_year,-0.101181466514497
Guangdong.2013,,province_year,0.330159543923629
Guangxi.2013,,province_year,1.00714504349947
Guizhou.2013,,province_year,-0.186752094100574
Hainan.2013,,province_year,-0.191170901360805
Hebei.2013,,province_year,-0.202234115832936
Heilongjiang.2013,,province_year,-0.18483541261522
Henan.2013,,province_year,0.317972080084211
Hubei.2013,,province_year,-0.412873142661457
Hunan.2013,,province_year,0.280310607141979
Inner Mongolia.2013,,province_year,0.4748943326313
Jiangsu.2013,,province_year,-0.0343351853256609
Jiangxi.2013,,province_year,-0.346665111496873
Jilin.2013,,province_year,-0.142167649935879
Liaoning.2013,,province_year,-0.29273846047571
Ningxia.2013,,province_year,-0.335269542278731
Qinghai.2013,,province_year,1.44795993081678
Shaanxi.2013,,province_year,-0.597119301479161
Shandong.2013,,province_year,-0.255148940544524
Shanghai.2013,,province_year,1.39232998375002
Shanxi.2013,,province_year,-0.241526845220209
Sichuan.2013,,province_year,-0.354379766094032
Tianjin.2013,,province_year,-0.163255868071787
Tibet.2013,,province_year,1.04577363113622
Xinjiang.2013,,province_year,-0.356609606603778
Yunnan.2013,,province_year,0.0112206191323483
Zhejiang.2013,,province_year,0.0227459171566544
Anhui.2014,,province_year,-0.47617860270015
Beijing.2014,,province_year,-0.261157784798603
Chongqing.2014,,province_year,-0.204473331739653
Fujian.2014,,province_year,0.305849140830431
Gansu.2014,,province_year,-0.0924417094750398
Guangdong.2014,,province_year,0.294742432558797
Guangxi.2014,,province_year,0.123970257097699
Guizhou.2014,,province_year,0.573715693998844
Hainan.2014,,province_year,-0.184790249330366
Hebei.2014,,province_year,-0.203368364904124
Heilongjiang.2014,,province_year,-0.121822960380704
Henan.2014,,province_year,-0.0596482666451951
Hubei.2014,,province_year,0.404978316074129
Hunan.2014,,province_year,0.285592885665926
Inner Mongolia.2014,,province_year,1.27915862175413
Jiangsu.2014,,province_year,0.291122549145131
Jiangxi.2014,,province_year,-0.370603914479175
Jilin.2014,,province_year,-0.180036616615323
Liaoning.2014,,province_year,-0.298210493324352
Ningxia.2014,,province_year,-0.335070048680203
Qinghai.2014,,province_year,1.02659792752366
Shaanxi.2014,,province_year,0.386653429032075
Shandong.2014,,province_year,-0.273149864603996
Shanghai.2014,,province_year,0.121573434063609
Shanxi.2014,,province_year,-0.239221753481504
Sichuan.2014,,province_year,0.467623935230119
Tianjin.2014,,province_year,0.735454403952055
Tibet.2014,,province_year,0.460953173040777
Xinjiang.2014,,province_year,-0.33848964866583
Yunnan.2014,,province_year,-0.00635774164902269
Zhejiang.2014,,province_year,0.390930072318408
Anhui.2015,,province_year,0.357119490763878
Beijing.2015,,province_year,0.222569932476054
Chongqing.2015,,province_year,-0.23867882281644
Fujian.2015,,province_year,-0.222698663746161
Gansu.2015,,province_year,-0.0850985902453959
Guangdong.2015,,province_year,-0.211460690270333
Guangxi.2015,,province_year,0.131054359116179
Guizhou.2015,,province_year,0.529748669266232
Hainan.2015,,province_year,-0.184397226308682
Hebei.2015,,province_year,0.324349019017339
Heilongjiang.2015,,province_year,0.223156216085456
Henan.2015,,province_year,-0.0381891633935204
Hubei.2015,,province_year,0.0143443703041436
Hunan.2015,,province_year,0.966101640413455
Inner Mongolia.2015,,province_year,-0.395056404495478
Jiangsu.2015,,province_year,-0.467992546978104
Jiangxi.2015,,province_year,-0.368983752475944
Jilin.2015,,province_year,-0.175448733397596
Liaoning.2015,,province_year,0.514186186585353
Ningxia.2015,,province_year,-0.331655632896345
Qinghai.2015,,province_year,0.489436265587862
Shaanxi.2015,,province_year,0.681414746814193
Shandong.2015,,province_year,0.245459302483367
Shanghai.2015,,province_year,0.109409064084334
Shanxi.2015,,province_year,-0.211916035849868
Sichuan.2015,,province_year,0.454594713843965
Tianjin.2015,,province_year,-0.213176590005211
Tibet.2015,,province_year,0.46705254351862
Xinjiang.2015,,province_year,0.84803518409707
Yunnan.2015,,province_year,-0.432480787195487
Zhejiang.2015,,province_year,-0.416850057527057
Anhui.2016,,province_year,0.924733458412206
Beijing.2016,,province_year,-0.269685985322187
Chongqing.2016,,province_year,-0.242105334974192
Fujian.2016,,province_year,-0.226225183578448
Gansu.2016,,province_year,0.807901396086276
Guangdong.2016,,province_year,-0.238412676190868
Guangxi.2016,,province_year,0.175385442867576
Guizhou.2016,,province_year,0.143360547627352
Hainan.2016,,province_year,-0.206220010871322
Hebei.2016,,province_year,-0.202787939156025
Heilongjiang.2016,,province_year,-0.229820710099572
Henan.2016,,province_year,1.27875338854812
Hubei.2016,,province_year,-0.420073852202189
Hunan.2016,,province_year,-0.517812699701207
Inner Mongolia.2016,,province_year,-0.387714312009293
Jiangsu.2016,,province_year,0.300428267745958
Jiangxi.2016,,province_year,0.0603230902235693
Jilin.2016,,province_year,0.806943323187385
Liaoning.2016,,province_year,-0.31261680533739
Ningxia.2016,,province_year,0.557337991534556
Qinghai.2016,,province_year,-0.385399645688684
Shaanxi.2016,,province_year,0.712365013837137
Shandong.2016,,province_year,-0.319584191977287
Shanghai.2016,,province_year,-0.363094984180682
Shanxi.2016,,province_year,0.705653459419795
Sichuan.2016,,province_year,0.0623916516607551
Tianjin.2016,,province_year,0.290915891054752
Tibet.2016,,province_year,1.40176523048595
Xinjiang.2016,,province_year,-0.343316701971081
Yunnan.2016,,province_year,0.906476420994722
Zhejiang.2016,,province_year,0.37270738019151
Anhui.2017,,province_year,-0.0196719214159131
Beijing.2017,,province_year,0.177549558279586
Chongqing.2017,,province_year,0.192677956355952
Fujian.2017,,province_year,-0.252644144673666
Gansu.2017,,province_year,0.236766497524972
Guangdong.2017,,province_year,-0.25041416160918
Guangxi.2017,,province_year,-0.327819344375282
Guizhou.2017,,province_year,1.19595952177609
Hainan.2017,,province_year,0.703230081421383
Hebei.2017,,province_year,-0.230651096392439
Heilongjiang.2017,,province_year,-0.197653737004302
Henan.2017,,province_year,0.306881971777346
Hubei.2017,,province_year,0.94379797168135
Hunan.2017,,province_year,1.13644409199403
Inner Mongolia.2017,,province_year,0.0503831298337085
Jiangsu.2017,,province_year,-0.0600144072631717
Jiangxi.2017,,province_year,0.736184653240115
Jilin.2017,,province_year,-0.195758137241007
Liaoning.2017,,province_year,0.565377355946023
Ningxia.2017,,province_year,0.522952355348142
Qinghai.2017,,province_year,1.21710786224594
Shaanxi.2017,,province_year,-0.174522961288008
Shandong.2017,,province_year,0.0788517101247784
Shanghai.2017,,province_year,-0.375001812227718
Shanxi.2017,,province_year,-0.2307132752355
Sichuan.2017,,province_year,-0.383884373732496
Tianjin.2017,,province_year,-0.229162615551185
Tibet.2017,,province_year,-0.166125983754869
Xinjiang.2017,,province_year,-0.345908818948296
Yunnan.2017,,province_year,0.338881096526406
Zhejiang.2017,,province_year,0.677701070307967
Anhui.2018,,province_year,-0.0608830006332868
Beijing.2018,,province_year,-0.315072968862504
Chongqing.2018,,province_year,0.213788488067257
Fujian.2018,,province_year,-0.279358339736852
Gansu.2018,,province_year,0.520962086597814
Guangdong.2018,,province_year,-0.290384453864896
Guangxi.2018,,province_year,-0.361177966460308
Guizhou.2018,,province_year,0.0225824361066852
Hainan.2018,,province_year,1.04875676312379
Hebei.2018,,province_year,-0.243401396765165
Heilongjiang.2018,,province_year,0.316984864129004
Henan.2018,,province_year,-0.478577123626879
Hubei.2018,,province_year,0.000985140579642002
Hunan.2018,,province_year,0.18150539202445
Inner Mongolia.2018,,province_year,0.00752177310839732
Jiangsu.2018,,province_year,-0.0659570015665131
Jiangxi.2018,,province_year,-0.41002388676138
Jilin.2018,,province_year,0.282658674058026
Liaoning.2018,,province_year,-0.322553592942914
Ningxia.2018,,province_year,0.104298419842327
Qinghai.2018,,province_year,0.0322827211957183
Shaanxi.2018,,province_year,0.657677344122566
Shandong.2018,,province_year,0.439430052952696
Shanghai.2018,,province_year,-0.390649548465877
Shanxi.2018,,province_year,0.221495447522476
Sichuan.2018,,province_year,-0.390227384239136
Tianjin.2018,,province_year,0.242283473718587
Tibet.2018,,province_year,-0.572551864460519
Xinjiang.2018,,province_year,-0.358060409567297
Yunnan.2018,,province_year,-0.444533851408075
Zhejiang.2018,,province_year,0.64228513222584
Anhui.2019,,province_year,-0.479490908901014
Beijing.2019,,province_year,0.146001053171142
Chongqing.2019,,province_year,-0.276292661867086
Fujian.2019,,province_year,0.6004100759545
Gansu.2019,,province_year,0.74298984598996
Guangdong.2019,,province_year,-0.316698966959722
Guangxi.2019,,province_year,-0.383017022079138
Guizhou.2019,,province_year,0.0167994741384134
Hainan.2019,,province_year,-0.226282010631708
Hebei.2019,,province_year,0.233832235853147
Heilongjiang.2019,,province_year,-0.224864620998453
Henan.2019,,province_year,0.842066911451941
Hubei.2019,,province_year,0.967839112415994
Hunan.2019,,province_year,-0.150922839396235
Inner Mongolia.2019,,province_year,0.986666194514456
Jiangsu.2019,,province_year,0.546638399604465
Jiangxi.2019,,province_year,0.693931244979873
Jilin.2019,,province_year,1.13434120305568
Liaoning.2019,,province_year,0.168260316338057
Ningxia.2019,,province_year,0.83577319619982
Qinghai.2019,,province_year,-0.370938174148563
Shaanxi.2019,,province_year,0.444798971124872
Shandong.2019,,province_year,-0.366224955149717
Shanghai.2019,,province_year,0.0342671977113411
Shanxi.2019,,province_year,0.636384070194807
Sichuan.2019,,province_year,-0.394605263988254
Tianjin.2019,,province_year,0.229429462858971
Tibet.2019,,province_year,1.93869701527628
Xinjiang.2019,,province_year,-0.347214030440968
Yunnan.2019,,province_year,-0.448925987169909
Zhejiang.2019,,province_year,0.322921986153972
Anhui.2020,,province_year,0.298402652217397
Beijing.2020,,province_year,-0.322286258311827
Chongqing.2020,,province_year,-0.264104866764017
Fujian.2020,,province_year,-0.276027526588239
Gansu.2020,,province_year,1.02232932717828
Guangdong.2020,,province_year,0.154727713800757
Guangxi.2020,,province_year,0.0827747796421186
Guizhou.2020,,province_year,0.383889479528904
Hainan.2020,,province_year,-0.230680434268464
Hebei.2020,,province_year,-0.23320318771089
Heilongjiang.2020,,province_year,-0.150889782147629
Henan.2020,,province_year,-0.456367956730412
Hubei.2020,,province_year,0.986097064015384
Hunan.2020,,province_year,0.975887159708799
Inner Mongolia.2020,,province_year,0.996488418054591
Jiangsu.2020,,province_year,-0.483545994046384
Jiangxi.2020,,province_year,0.0443344513948196
Jilin.2020,,province_year,0.901241354488126
Liaoning.2020,,province_year,0.163153313718114
Ningxia.2020,,province_year,0.133680864549319
Qinghai.2020,,province_year,-0.367351295965054
Shaanxi.2020,,province_year,0.761880582843669
Shandong.2020,,province_year,0.775326671888068
Shanghai.2020,,province_year,-0.392150151986109
Shanxi.2020,,province_year,-0.261366195741975
Sichuan.2020,,province_year,0.433310285846835
Tianjin.2020,,province_year,0.664996813545303
Tibet.2020,,province_year,0.485798298060287
Xinjiang.2020,,province_year,-0.32313144793835
Yunnan.2020,,province_year,-0.42332137628038
Zhejiang.2020,,province_year,0.310018736311338
Anhui.2021,,province_year,-0.0433656361842849
Beijing.2021,,province_year,-0.331410324098691
Chongqing.2021,,province_year,0.17081715613404
Fujian.2021,,province_year,-0.305501772107226
Gansu.2021,,province_year,1.07076436536264
Guangdong.2021,,province_year,-0.334136707675675
Guangxi.2021,,province_year,-0.42889687731613
Guizhou.2021,,province_year,0.0395914779466476
Hainan.2021,,province_year,0.17217385655113
Hebei.2021,,province_year,0.247445550974952
Heilongjiang.2021,,province_year,0.292004927616022
Henan.2021,,province_year,-0.0389183785897946
Hubei.2021,,province_year,0.349997627112746
Hunan.2021,,province_year,0.398168594686938
Inner Mongolia.2021,,province_year,0.414667978550319
Jiangsu.2021,,province_year,0.799708898422821
Jiangxi.2021,,province_year,-0.409969099758608
Jilin.2021,,province_year,0.241526113272898
Liaoning.2021,,province_year,-0.34378798803578
Ningxia.2021,,province_year,1.19505404131507
Qinghai.2021,,province_year,0.0861491406630824
Shaanxi.2021,,province_year,-0.480496618686803
Shandong.2021,,province_year,0.391906318619055
Shanghai.2021,,province_year,-0.391574954484081
Shanxi.2021,,province_year,-0.252979947261471
Sichuan.2021,,province_year,0.0370878406364115
Tianjin.2021,,province_year,-0.266842757752914
Tibet.2021,,province_year,-0.138945807739788
Xinjiang.2021,,province_year,-0.333151887879437
Yunnan.2021,,province_year,0.0308496928290765
Zhejiang.2021,,province_year,1.24670583432732
Anhui.2022,,province_year,1.11220202859981
Beijing.2022,,province_year,-0.328311157006903
Chongqing.2022,,province_year,-0.327365507611953
Fujian.2022,,province_year,-0.312733999812143
Gansu.2022,,province_year,0.589311189381415
Guangdong.2022,,province_year,0.825033671036158
Guangxi.2022,,province_year,-0.412466391274608
Guizhou.2022,,province_year,-0.41916008398597
Hainan.2022,,province_year,0.153567009363931
Hebei.2022,,province_year,0.283306900422421
Heilongjiang.2022,,province_year,-0.204564207804505
Henan.2022,,province_year,0.927143499520536
Hubei.2022,,province_year,-0.433589101975241
Hunan.2022,,province_year,0.350063549936145
Inner Mongolia.2022,,province_year,0.486706783586138
Jiangsu.2022,,province_year,0.558289573649092
Jiangxi.2022,,province_year,-0.394751511679274
Jilin.2022,,province_year,-0.184149606275342
Liaoning.2022,,province_year,0.477081847616063
Ningxia.2022,,province_year,-0.291497509983526
Qinghai.2022,,province_year,-0.354625891203992
Shaanxi.2022,,province_year,-0.0438320426515097
Shandong.2022,,province_year,0.410127080483591
Shanghai.2022,,province_year,-0.377694600819457
Shanxi.2022,,province_year,-0.230829071618123
Sichuan.2022,,province_year,-0.391958474279901
Tianjin.2022,,province_year,-0.247952857009148
Tibet.2022,,province_year,-0.0590639665197886
Xinjiang.2022,,province_year,0.142534142476504
Yunnan.2022,,province_year,-0.377733184562431
Zhejiang.2022,,province_year,0.292464525927672
Anhui.2023,,province_year,0.358299936173644
Beijing.2023,,province_year,-0.306116773017075
Chongqing.2023,,province_year,-0.328232697108556
Fujian.2023,,province_year,-0.32902155803821
Gansu.2023,,province_year,0.291249622208093
Guangdong.2023,,province_year,0.0892497593851654
Guangxi.2023,,province_year,-0.0290570184615744
Guizhou.2023,,province_year,1.15692252550313
Hainan.2023,,province_year,-0.314086874703097
Hebei.2023,,province_year,-0.235920161253049
Heilongjiang.2023,,province_year,0.265443750968115
Henan.2023,,province_year,0.408763872349383
Hubei.2023,,province_year,0.0050322521289608
Hunan.2023,,province_year,0.114880568137812
Inner Mongolia.2023,,province_year,0.077678360652806
Jiangsu.2023,,province_year,1.40220028932587
Jiangxi.2023,,province_year,-0.414836823362045
Jilin.2023,,province_year,-0.250980436446417
Liaoning.2023,,province_year,-0.310347866020181
Ningxia.2023,,province_year,-0.28499680240043
Qinghai.2023,,province_year,0.501985896618775
Shaanxi.2023,,province_year,0.299891672635626
Shandong.2023,,province_year,0.712139776798133
Shanghai.2023,,province_year,-0.373106871488806
Shanxi.2023,,province_year,-0.234186894241601
Sichuan.2023,,province_year,0.406574251699262
Tianjin.2023,,province_year,-0.264395939655783
Tibet.2023,,province_year,0.826986981351182
Xinjiang.2023,,province_year,-0.30273384317543
Yunnan.2023,,province_year,-0.387702642342739
Zhejiang.2023,,province_year,-0.0413730541732663
Anhui.2024,,province_year,-0.387577285899223
Beijing.2024,,province_year,-0.271124293026133
Chongqing.2024,,province_year,-0.32702001870641
Fujian.2024,,province_year,0.159288059479417
Gansu.2024,,province_year,-0.413134738287572
Guangdong.2024,,province_year,-0.191818131959891
Guangxi.2024,,province_year,-0.429950841092951
Guizhou.2024,,province_year,0.364550370397658
Hainan.2024,,province_year,-0.304069670356229
Hebei.2024,,province_year,0.303750672596038
Heilongjiang.2024,,province_year,-0.267841696696904
Henan.2024,,province_year,-0.339667218997662
Hubei.2024,,province_year,-0.385773959849078
Hunan.2024,,province_year,-0.170554066265956
Inner Mongolia.2024,,province_year,0.107397138740896
Jiangsu.2024,,province_year,0.349101897437998
Jiangxi.2024,,province_year,0.0713086676711204
Jilin.2024,,province_year,-0.244620244644283
Liaoning.2024,,province_year,-0.315834589725467
Ningxia.2024,,province_year,-0.247263154039542
Qinghai.2024,,province_year,0.175595139058427
Shaanxi.2024,,province_year,-0.416417367723048
Shandong.2024,,province_year,-0.378133450525572
Shanghai.2024,,province_year,-0.309961923518157
Shanxi.2024,,province_year,0.299924508800736
Sichuan.2024,,province_year,-0.373389925421561
Tianjin.2024,,province_year,-0.23454006745565
Tibet.2024,,province_year,-0.412648006266571
Xinjiang.2024,,province_year,-0.26060938188417
Yunnan.2024,,province_year,1.26939983178692
Zhejiang.2024,,province_year,-0.395429225707923
