baseline,window,n,events,AIC,sd_change_degC,sd_var_degC,cor_change_var,HR_change,lo_change,hi_change,P_change,HR_effort,lo_effort,hi_effort,P_effort,HR_var,P_var,HR_int,lo_int,hi_int,P_int,dAIC_within_baseline
1980-2000,3,175901,649,8335.94229774644,0.279842613032242,0.288861069286122,-0.0239455274936274,1.14293390133175,1.03389464359854,1.26347293788732,0.00901213925047734,1.39146243623129,1.2324619855597,1.57097560340852,9.49415990604302e-08,1.01288547681059,0.778875846564006,0.901248286114958,0.81300239072389,0.999072674930181,0.0479686147857133,24.9915409414298
1980-2000,5,175901,649,8334.74548266211,0.244518469375573,0.307624841763943,0.0229924117328116,1.16688258864804,1.05351002528718,1.29245564162408,0.00308014678517869,1.39204024243376,1.23351183283087,1.5709423979403,8.22440203186643e-08,1.01022071007439,0.824095400938895,0.897275252238237,0.807167727727897,0.997441858268395,0.0447030841017108,23.7947258571003
1980-2000,8,175901,649,8330.77846567002,0.219916415869241,0.324285113142587,0.0305489663130422,1.20830521583224,1.08562282885723,1.34485150440716,0.000532280523840834,1.39804561789098,1.23837375124154,1.57830505349829,6.1185236772633e-08,1.00424734741369,0.926801187873132,0.880668529510322,0.79320699588577,0.977773850826656,0.0172570689862845,19.8277088650102
1980-2000,10,175901,649,8327.85144837077,0.204928072940323,0.340835089204242,-0.0020242308681445,1.21277480686977,1.08603687455018,1.35430275586838,0.000613398273973735,1.40673126488733,1.24618748126525,1.58795757569505,3.39416969986303e-08,1.02214489343859,0.632978607416345,0.84678145653407,0.762195425510676,0.940754577016178,0.0019520455596201,16.9006915657592
1980-2000,12,175901,649,8322.39955938282,0.19300166645387,0.344902901465354,0.0125711761846605,1.28770587234635,1.15174287623914,1.43971927058048,8.93294445397355e-06,1.40181444862164,1.24248690466599,1.58157300570716,4.08741609599577e-08,1.00034868116333,0.993942442155946,0.863409231635232,0.775819292127859,0.960888068700003,0.00712294993573369,11.4488025778101
1980-2000,15,175901,649,8313.15364906552,0.179344973255465,0.35561002852531,-0.00581566874460472,1.36164134171515,1.21628621340131,1.52436747456258,8.34239779317077e-08,1.40381252459713,1.24526952520608,1.58254061817634,2.89717992204523e-08,0.995099386708828,0.915716397832861,0.849249337328143,0.760653017030478,0.948164827857894,0.00365034532035998,2.20289226050954
1980-2000,18,175901,649,8311.12747431617,0.164766303364081,0.360815339463649,0.00458919821247705,1.38364939601364,1.23436462742146,1.5509887504539,2.4787037074755e-08,1.40017909970208,1.24269241051753,1.57762411249141,3.21800612695357e-08,1.00470062857824,0.920332097100068,0.829671817592622,0.746266534006133,0.922398759076323,0.000551588059268923,0.17671751115995
1980-2000,20,175901,649,8310.95075680501,0.154154569885122,0.360154997655603,0.0396801545411617,1.39642741333598,1.24401329629328,1.56751501493318,1.48903144026322e-08,1.39988820695693,1.24275445004292,1.5768899414598,3.06488949390947e-08,1.00000197565334,0.999966386875735,0.823331776653642,0.740418410804047,0.915529928154425,0.00033115682545004,0
1980-2000,23,175901,649,8315.02210786992,0.137697747939339,0.365527072502769,0.0527553456600384,1.38750329083451,1.23082734886635,1.5641230135565,8.44614730567408e-08,1.3921329363514,1.2360875066356,1.56787776113791,4.91632204488717e-08,1.01857531927579,0.69457225503819,0.814537647868077,0.730660600211943,0.908043460400089,0.000215763828574813,4.07135106490932
1981-2010,3,175901,649,8338.78551228971,0.246216380644395,0.288861069286122,-0.0246311749164729,1.09502957508828,0.99582360108374,1.20411865014353,0.0609823479482953,1.39383157407462,1.23545028598867,1.57251690247709,6.82691745505067e-08,1.01155770880835,0.800773365331826,0.896903134789127,0.810071516011595,0.99304224046195,0.0362247584426118,23.12575263283
1981-2010,5,175901,649,8338.13462492864,0.205501772306949,0.307624841763943,0.0292288663265508,1.11608838275904,1.01283877392445,1.22986334073996,0.0265836478580371,1.39385854843686,1.23599605768524,1.57188337371322,6.13090531728999e-08,1.00870292579664,0.849603467048657,0.89199310543316,0.803763504915679,0.989907721953316,0.0314852389987992,22.474865271759
1981-2010,8,175901,649,8334.31747946827,0.174604555945785,0.324285113142587,0.0433754952491086,1.15243133544183,1.04090296894043,1.27590949640596,0.00629599145228828,1.40317677527481,1.24384402544346,1.58291958026544,3.62305508000748e-08,1.00265866443582,0.954048658935407,0.871274332328295,0.787357152209332,0.964135475297354,0.00765662927188712,18.6577198113901
1981-2010,10,175901,649,8329.76718521835,0.156142333802078,0.340835089204242,9.94390929850582e-05,1.15557126329608,1.04002390947532,1.28395600561661,0.00714289745066303,1.40967442366219,1.24979426937272,1.59000727513715,2.26418693935001e-08,1.02059400472661,0.655767901515335,0.832732143822999,0.752700202694096,0.921273597209151,0.000384436463053711,14.1074255614694
1981-2010,12,175901,649,8325.97884149586,0.141614812386808,0.344902901465354,0.0158343322119489,1.22317959179841,1.10082567189097,1.35913283274185,0.000179361869310494,1.40690726524607,1.24807398216895,1.5859541031072,2.32670974634694e-08,1.00048727753828,0.991502528029474,0.849515206885153,0.76764180549304,0.940120876123475,0.00160936491871075,10.3190818389794
1981-2010,15,175901,649,8316.82378273355,0.126742458787456,0.35561002852531,-0.0217720659648939,1.2887610141214,1.15933878045164,1.43263123732667,2.62489747801565e-06,1.40821666996317,1.25006446358608,1.5863775407816,1.7795214701538e-08,1.00040321380531,0.993037624441779,0.83815990814915,0.753712776140213,0.932068625964095,0.00112054156153614,1.16402307666976
1981-2010,18,175901,649,8315.65975965688,0.112190595404559,0.360815339463649,-0.0273575048629867,1.29522194439994,1.16546746154677,1.43942232675351,1.56208956020232e-06,1.40192017384745,1.24509431873749,1.57849902956213,2.38107594969449e-08,1.01839822139203,0.696055092143642,0.825760556351821,0.747068540432115,0.91274154849575,0.000179043180540069,0
1981-2010,20,175901,649,8317.41137216259,0.102602110872478,0.360154997655603,0.00434007965670571,1.2904895192402,1.16145790215846,1.43385584287978,2.08726002863421e-06,1.40169684585324,1.24506420123729,1.57803432603913,2.33052938290869e-08,1.01573781732868,0.737091757583723,0.82793883470209,0.749655810025445,0.914396586861093,0.000194588718277281,1.75161250571
1981-2010,23,175901,649,8324.38300740452,0.0877215532067281,0.365527072502769,-0.0116256101232042,1.25236380746301,1.12384961731809,1.39557382239988,4.62846476092026e-05,1.39325834648413,1.23765427605235,1.56842573698311,4.04655902748617e-08,1.04352045372806,0.360111121888842,0.828605692084092,0.748603246240088,0.917157915628326,0.000284197547849123,8.72324774763911
1991-2020,3,175901,649,8342.16034178301,0.224408078147023,0.288861069286122,-0.0297712123547827,1.0656466633462,0.972847791848125,1.16729751623691,0.171371797457221,1.38979629116266,1.23229056146099,1.56743368109505,8.15762274058833e-08,1.01154061925982,0.800853425225091,0.926261730213766,0.833607086828047,1.02921485003591,0.15430663219399,17.2649166383999
1991-2020,5,175901,649,8342.28774810608,0.180031678454723,0.307624841763943,0.0261415161274556,1.07775591023086,0.983081425661709,1.18154790815594,0.110431453237071,1.38825261268787,1.23141739431446,1.56506260633716,8.16489505767903e-08,1.01080006297975,0.813887294171973,0.929800837742886,0.833801801336063,1.03685263869911,0.190501774202421,17.3923229614702
1991-2020,8,175901,649,8339.63437873966,0.143685328477811,0.324285113142587,0.044357649479863,1.10702944002517,1.00670328042706,1.21735391640183,0.0359193915691164,1.39535689565122,1.23700066174442,1.57398530692433,5.93834959428235e-08,1.00411433564603,0.928908585644004,0.90475178245009,0.81402407370488,1.00559162104509,0.0633717226041202,14.7389535950497
1991-2020,10,175901,649,8335.28852429019,0.122816420150513,0.340835089204242,-0.0156763950651392,1.10766487632387,1.00478398533077,1.22107985015075,0.0397864427099049,1.40487360752312,1.24568465376911,1.58440568978933,3.01824677142356e-08,1.0173623562958,0.706322893550904,0.85242192934314,0.766286974222536,0.948238936675524,0.00330434649846794,10.39309914558
1991-2020,12,175901,649,8332.89270596463,0.10705987018619,0.344902901465354,-0.00649729360255453,1.16741283528693,1.06156365834707,1.28381629992376,0.00141300482338624,1.39452919558604,1.23700000379427,1.57211937863931,5.39563476287777e-08,1.00218824711312,0.96176781257661,0.886417054836434,0.798530060750951,0.983976976854169,0.023622868994924,7.99728082002002
1991-2020,15,175901,649,8324.89542514461,0.0928787543362634,0.35561002852531,-0.077886348401848,1.23127527166963,1.11906749478252,1.35473400996223,1.97683159140768e-05,1.38211771556145,1.22645454482091,1.55753785391837,1.10633787281874e-07,1.01047579449544,0.821156716108033,0.906541392442698,0.816453311054156,1.00656986147911,0.066154592656976,0
1991-2020,18,175901,649,8328.00514241313,0.0806346141751446,0.360815339463649,-0.115996489714251,1.20737596883808,1.09764662717989,1.3280747136927,0.000105950240698761,1.37281903921082,1.21712695345911,1.54842689915258,2.47692703526336e-07,1.02984945018429,0.527052902356084,0.921708191325419,0.83284177529628,1.02005688854183,0.115004487100414,3.1097172685204
1991-2020,20,175901,649,8332.71481977973,0.0767512552633753,0.360154997655603,-0.102422174012472,1.1855782888267,1.07624346671531,1.30602035915453,0.000563794046827217,1.36343041108845,1.20786285552481,1.53903440061754,5.29567163087068e-07,1.03209288130488,0.496822432930037,0.961693375472629,0.871379088600111,1.06136830746505,0.437576252957909,7.81939463512026
1991-2020,23,175901,649,8341.10248634267,0.0707727973844192,0.365527072502769,-0.167743352341428,1.11486504539948,1.00565926386314,1.23592961763114,0.03870651010977,1.35866692714101,1.20266305178724,1.53490690194859,8.41245588450971e-07,1.04681414991514,0.328869092484498,1.00425080500595,0.90656841419171,1.1124584350915,0.935246552111911,16.2070611980598
