event_id,case_in,ctrl_in,n_ctrl,informative
Abroscopus albogularis|Jiangsu|2017,0,27,200,TRUE
Abroscopus albogularis|Ningxia|2021,1,45,200,TRUE
Abroscopus albogularis|Shanghai|2013,0,0,200,FALSE
Abroscopus albogularis|Tibet|2016,1,49,200,TRUE
Accipiter gularis|Xinjiang|2010,0,20,200,TRUE
Accipiter soloensis|Gansu|2012,0,71,200,TRUE
Accipiter soloensis|Heilongjiang|2018,0,0,200,FALSE
Accipiter soloensis|Inner Mongolia|2020,0,21,200,TRUE
Accipiter trivirgatus|Anhui|2006,0,0,200,FALSE
Accipiter trivirgatus|Beijing|2013,0,5,200,TRUE
Accipiter trivirgatus|Gansu|2020,1,42,200,TRUE
Accipiter trivirgatus|Henan|2008,1,126,200,TRUE
Accipiter trivirgatus|Liaoning|2017,1,21,200,TRUE
Accipiter virgatus|Anhui|2011,0,0,200,FALSE
Acridotheres cristatellus|Jilin|2016,0,106,200,TRUE
Acridotheres tristis|Chongqing|2010,0,0,200,FALSE
Acridotheres tristis|Guizhou|2017,0,50,200,TRUE
Acridotheres tristis|Jiangxi|2019,0,65,200,TRUE
Acridotheres tristis|Shandong|2022,0,45,200,TRUE
Acrocephalus agricola|Inner Mongolia|2020,1,26,200,TRUE
Acrocephalus bistrigiceps|Guizhou|2015,0,73,200,TRUE
Acrocephalus bistrigiceps|Tibet|2023,1,91,200,TRUE
Acrocephalus concinens|Shanghai|2005,0,0,200,FALSE
Acrocephalus orientalis|Tibet|2023,1,101,200,TRUE
Acrocephalus tangorum|Hubei|2020,0,24,200,TRUE
Acrocephalus tangorum|Zhejiang|2023,0,7,200,TRUE
Aegithalos bonvaloti|Shaanxi|2006,0,71,200,TRUE
Aegithalos caudatus|Shandong|2023,1,26,200,TRUE
Aegithalos caudatus|Tianjin|2016,1,0,200,TRUE
Aegithalos concinnus|Gansu|2017,0,63,200,TRUE
Aegithalos concinnus|Hebei|2022,0,3,200,TRUE
Aegithalos fuliginosus|Hunan|2009,1,77,200,TRUE
Aegithalos fuliginosus|Shanxi|2016,0,7,200,TRUE
Aethopyga christinae|Anhui|2017,0,27,200,TRUE
Aethopyga christinae|Hubei|2003,1,0,200,TRUE
Aethopyga gouldiae|Henan|2016,0,161,200,TRUE
Agropsar sturninus|Tibet|2020,1,82,200,TRUE
Aix galericulata|Tibet|2021,0,94,200,TRUE
Aix galericulata|Xinjiang|2015,0,27,200,TRUE
Alauda gulgula|Inner Mongolia|2020,0,20,200,TRUE
Alaudala cheleensis|Fujian|2019,0,5,200,TRUE
Alcedo hercules|Fujian|2006,1,94,200,TRUE
Alcippe morrisonia|Henan|2015,0,108,200,TRUE
Amaurornis phoenicurus|Heilongjiang|2008,0,0,0,FALSE
Amaurornis phoenicurus|Inner Mongolia|2018,0,51,200,TRUE
Amaurornis phoenicurus|Qinghai|2013,0,30,200,TRUE
Anastomus oscitans|Hebei|2021,0,15,200,TRUE
Anastomus oscitans|Qinghai|2023,0,10,200,TRUE
Anastomus oscitans|Shaanxi|2020,0,24,200,TRUE
Anastomus oscitans|Sichuan|2012,0,50,200,TRUE
Anser anser|Hainan|2007,0,104,200,TRUE
Anser fabalis|Tibet|2016,0,41,200,TRUE
Anser indicus|Chongqing|2006,0,0,200,FALSE
Anser indicus|Henan|2019,1,113,200,TRUE
Anthus godlewskii|Shaanxi|2005,0,0,200,FALSE
Anthus gustavi|Anhui|2020,0,9,200,TRUE
Anthus gustavi|Hubei|2014,0,22,200,TRUE
Anthus gustavi|Xinjiang|2010,1,17,200,TRUE
Anthus richardi|Tibet|2016,1,40,200,TRUE
Anthus roseatus|Zhejiang|2020,0,9,200,TRUE
Anthus trivialis|Jiangsu|2023,0,5,200,TRUE
Aquila fasciata|Liaoning|2015,1,4,200,TRUE
Aquila fasciata|Shaanxi|2020,0,17,200,TRUE
Aquila heliaca|Hunan|2021,1,35,200,TRUE
Aquila heliaca|Ningxia|2019,0,105,200,TRUE
Ardea intermedia|Jilin|2020,0,200,200,TRUE
Ardea intermedia|Liaoning|2004,0,133,200,TRUE
Ardenna pacifica|Shanghai|2012,0,0,200,FALSE
Ardenna pacifica|Zhejiang|2018,0,19,200,TRUE
Artamus fuscus|Guizhou|2014,1,123,200,TRUE
Artamus fuscus|Hunan|2022,0,40,200,TRUE
Artamus fuscus|Jiangxi|2020,0,51,200,TRUE
Asio flammeus|Guangxi|2004,0,0,200,FALSE
Athene noctua|Zhejiang|2022,0,2,200,TRUE
Aviceda jerdoni|Guangdong|2014,0,7,200,TRUE
Aviceda jerdoni|Hunan|2017,1,49,200,TRUE
Aviceda leuphotes|Gansu|2018,0,42,200,TRUE
Aviceda leuphotes|Jiangsu|2006,0,0,200,FALSE
Aviceda leuphotes|Ningxia|2002,1,0,0,FALSE
Aviceda leuphotes|Shanxi|2018,0,0,200,FALSE
Aythya nyroca|Fujian|2004,0,0,200,FALSE
Aythya nyroca|Jilin|2010,0,200,200,TRUE
Bombycilla japonica|Gansu|2019,0,15,200,TRUE
Bombycilla japonica|Ningxia|2019,0,110,200,TRUE
Bombycilla japonica|Qinghai|2012,0,19,200,TRUE
Branta canadensis|Heilongjiang|2023,0,24,200,TRUE
Branta canadensis|Liaoning|2020,1,14,200,TRUE
Branta canadensis|Tianjin|2014,0,0,200,FALSE
Branta canadensis|Zhejiang|2016,0,11,200,TRUE
Bubo nipalensis|Chongqing|2018,0,13,200,TRUE
Bubo nipalensis|Guangxi|2013,0,43,200,TRUE
Bucanetes mongolicus|Heilongjiang|2002,0,0,200,FALSE
Bucanetes mongolicus|Sichuan|2014,0,60,200,TRUE
Bucanetes mongolicus|Tibet|2012,0,0,200,FALSE
Butastur indicus|Anhui|2011,0,0,200,FALSE
Butastur indicus|Gansu|2022,1,84,200,TRUE
Cacomantis merulinus|Shaanxi|2015,1,18,200,TRUE
Calandrella brachydactyla|Hunan|2023,0,39,200,TRUE
Calliope obscura|Hubei|2021,1,8,200,TRUE
Caprimulgus macrurus|Guizhou|2018,0,18,200,TRUE
Carpodacus roborowskii|Xinjiang|2015,1,19,200,TRUE
Carpodacus vinaceus|Shandong|2020,1,25,200,TRUE
Cecropis daurica|Chongqing|2021,0,11,200,TRUE
Cecropis daurica|Xinjiang|2010,0,14,200,TRUE
Centropus bengalensis|Liaoning|2012,0,12,200,TRUE
Centropus bengalensis|Tibet|2022,1,80,200,TRUE
Centropus bengalensis|Zhejiang|2002,0,0,200,FALSE
Cephalopyrus flammiceps|Guangxi|2012,0,24,200,TRUE
Cephalopyrus flammiceps|Hubei|2017,0,2,200,TRUE
Certhia himalayana|Qinghai|2013,0,43,200,TRUE
Certhia tianquanensis|Shaanxi|2004,0,65,200,TRUE
Ceryle rudis|Beijing|2005,0,10,200,TRUE
Ceryle rudis|Liaoning|2022,0,9,200,TRUE
Ceryle rudis|Shaanxi|2019,0,12,200,TRUE
Cettia brunnifrons|Shaanxi|2018,1,8,200,TRUE
Cettia castaneocoronata|Hubei|2020,1,24,200,TRUE
Chalcophaps indica|Anhui|2023,0,12,200,TRUE
Chalcophaps indica|Hunan|2017,0,45,200,TRUE
Chalcophaps indica|Jiangxi|2004,0,29,200,TRUE
Chalcophaps indica|Zhejiang|2018,0,23,200,TRUE
Charadrius placidus|Hainan|2004,0,0,200,FALSE
Charadrius veredus|Jilin|2006,0,0,200,FALSE
Charadrius veredus|Xinjiang|2010,0,14,200,TRUE
Charadrius veredus|Yunnan|2016,0,45,200,TRUE
Chlidonias leucopterus|Yunnan|2006,1,69,200,TRUE
Chlidonias niger|Gansu|2021,1,62,200,TRUE
Chlidonias niger|Hubei|2020,0,24,200,TRUE
Chloris ambigua|Guangxi|2004,0,0,200,FALSE
Chrysolophus pictus|Shanxi|2006,0,0,0,FALSE
Ciconia boyciana|Gansu|2023,0,39,200,TRUE
Ciconia boyciana|Ningxia|2017,0,56,200,TRUE
Ciconia nigra|Tibet|2020,0,75,200,TRUE
Circaetus gallicus|Guangxi|2015,0,29,200,TRUE
Circaetus gallicus|Hunan|2022,1,39,200,TRUE
Circus macrourus|Zhejiang|2021,0,9,200,TRUE
Circus spilonotus|Xinjiang|2015,0,20,200,TRUE
Cisticola exilis|Hainan|2007,0,96,200,TRUE
Cisticola juncidis|Liaoning|2006,1,200,200,FALSE
Clamator coromandus|Heilongjiang|2012,0,0,200,FALSE
Clamator coromandus|Liaoning|2015,1,1,200,TRUE
Clanga clanga|Gansu|2014,0,138,200,TRUE
Columba oenas|Gansu|2021,0,54,200,TRUE
Columba oenas|Inner Mongolia|2014,1,15,200,TRUE
Copsychus saularis|Guangxi|2005,0,167,200,TRUE
Coracias garrulus|Qinghai|2021,0,18,200,TRUE
Coturnicops exquisitus|Yunnan|2003,0,53,200,TRUE
Crex crex|Yunnan|2011,0,36,200,TRUE
Crossoptilon mantchuricum|Henan|2022,1,7,200,TRUE
Curruca curruca|Hainan|2021,0,89,200,TRUE
Cyanistes cyanus|Jilin|2019,0,67,200,TRUE
Cyanoderma pyrrhops|Tibet|2010,1,40,200,TRUE
Cygnus cygnus|Guangxi|2016,0,20,200,TRUE
Cygnus olor|Jilin|2009,1,74,200,TRUE
Cygnus olor|Shaanxi|2015,0,25,200,TRUE
Cyornis glaucicomans|Henan|2019,1,125,200,TRUE
Cyornis glaucicomans|Jiangsu|2023,0,2,200,TRUE
Cyornis glaucicomans|Shanxi|2019,1,0,200,TRUE
Cyornis hainanus|Sichuan|2023,0,47,200,TRUE
Cyornis rubeculoides|Hunan|2009,0,69,200,TRUE
Delichon dasypus|Henan|2016,0,160,200,TRUE
Dendrocitta formosae|Shanghai|2012,0,0,200,FALSE
Dendrocopos hyperythrus|Qinghai|2013,0,37,200,TRUE
Dendrocygna javanica|Guizhou|2020,0,10,200,TRUE
Dicaeum cruentatum|Jiangxi|2008,0,118,200,TRUE
Dicaeum ignipectus|Henan|2013,0,103,200,TRUE
Dicaeum minullum|Jiangxi|2003,0,91,200,TRUE
Dicrurus annectens|Tibet|2014,1,25,200,TRUE
Dicrurus hottentottus|Heilongjiang|2009,0,22,200,TRUE
Dicrurus hottentottus|Qinghai|2013,0,33,200,TRUE
Dicrurus remifer|Tibet|2019,1,56,200,TRUE
Egretta eulophotes|Tianjin|2004,0,0,0,FALSE
Egretta garzetta|Tibet|2013,0,23,200,TRUE
Elachura formosa|Hubei|2017,0,3,200,TRUE
Elachura formosa|Tibet|2019,1,58,200,TRUE
Elanus caeruleus|Beijing|2013,0,4,200,TRUE
Elanus caeruleus|Gansu|2022,0,74,200,TRUE
Elanus caeruleus|Henan|2013,0,105,200,TRUE
Elanus caeruleus|Inner Mongolia|2022,0,41,200,TRUE
Elanus caeruleus|Liaoning|2019,1,18,200,TRUE
Elanus caeruleus|Shaanxi|2016,0,56,200,TRUE
Elanus caeruleus|Sichuan|2015,0,63,200,TRUE
Elanus caeruleus|Tianjin|2004,0,0,0,FALSE
Emberiza buchanani|Qinghai|2014,1,14,200,TRUE
Emberiza citrinella|Qinghai|2014,1,23,200,TRUE
Emberiza elegans|Heilongjiang|2021,0,46,200,TRUE
Emberiza elegans|Qinghai|2014,1,16,200,TRUE
Emberiza elegans|Tibet|2023,0,88,200,TRUE
Emberiza godlewskii|Heilongjiang|2015,0,12,200,TRUE
Emberiza godlewskii|Hunan|2009,1,66,200,TRUE
Emberiza hortulana|Inner Mongolia|2010,0,77,200,TRUE
Emberiza leucocephalos|Anhui|2012,0,0,200,FALSE
Emberiza pallasi|Guizhou|2014,1,141,200,TRUE
Emberiza pusilla|Tibet|2013,0,19,200,TRUE
Emberiza rustica|Guizhou|2023,0,48,200,TRUE
Emberiza siemsseni|Jiangsu|2023,0,1,200,TRUE
Emberiza siemsseni|Jiangxi|2011,0,52,200,TRUE
Emberiza siemsseni|Qinghai|2014,0,21,200,TRUE
Emberiza yessoensis|Anhui|2016,0,14,200,TRUE
Emberiza yessoensis|Hubei|2014,0,10,200,TRUE
Emberiza yessoensis|Hunan|2014,0,27,200,TRUE
Enicurus leschenaulti|Inner Mongolia|2014,0,13,200,TRUE
Enicurus maculatus|Guizhou|2020,0,5,200,TRUE
Enicurus maculatus|Zhejiang|2018,1,24,200,TRUE
Enicurus schistaceus|Anhui|2020,0,2,200,TRUE
Erpornis zantholeuca|Tibet|2019,1,55,200,TRUE
Eudynamys scolopaceus|Liaoning|2017,0,17,200,TRUE
Eudynamys scolopaceus|Qinghai|2023,0,21,200,TRUE
Eudynamys scolopaceus|Shanxi|2019,1,0,200,TRUE
Eudynamys scolopaceus|Tibet|2015,0,28,200,TRUE
Eumyias thalassinus|Gansu|2019,1,12,200,TRUE
Eumyias thalassinus|Hainan|2018,0,102,200,TRUE
Eumyias thalassinus|Inner Mongolia|2019,0,20,200,TRUE
Eumyias thalassinus|Jiangsu|2016,0,32,200,TRUE
Eumyias thalassinus|Qinghai|2017,1,29,200,TRUE
Eumyias thalassinus|Tianjin|2018,0,0,200,FALSE
Falco cherrug|Yunnan|2016,0,58,200,TRUE
Falco severus|Tibet|2013,1,13,200,TRUE
Ficedula albicilla|Tibet|2016,1,35,200,TRUE
Ficedula elisae|Hunan|2019,0,46,200,TRUE
Ficedula elisae|Jiangxi|2010,1,77,200,TRUE
Ficedula elisae|Shanghai|2013,0,0,200,FALSE
Ficedula erithacus|Guizhou|2021,0,32,200,TRUE
Ficedula erithacus|Hebei|2015,1,0,200,TRUE
Ficedula hyperythra|Chongqing|2007,0,0,200,FALSE
Ficedula hyperythra|Hunan|2017,1,52,200,TRUE
Ficedula hyperythra|Shaanxi|2006,0,60,200,TRUE
Ficedula mugimaki|Guizhou|2017,0,52,200,TRUE
Ficedula strophiata|Beijing|2015,0,4,200,TRUE
Ficedula superciliaris|Hubei|2019,0,6,200,TRUE
Ficedula tricolor|Hunan|2012,1,139,200,TRUE
Ficedula tricolor|Inner Mongolia|2007,0,25,200,TRUE
Ficedula tricolor|Qinghai|2017,1,24,200,TRUE
Fringilla coelebs|Gansu|2020,0,50,200,TRUE
Fringilla coelebs|Hubei|2021,0,10,200,TRUE
Fringilla coelebs|Hunan|2017,0,43,200,TRUE
Fringilla coelebs|Jiangsu|2023,0,6,200,TRUE
Fringilla coelebs|Qinghai|2015,0,65,200,TRUE
Fringilla coelebs|Yunnan|2016,1,51,200,TRUE
Fringilla montifringilla|Ningxia|2010,0,0,0,FALSE
Galerida cristata|Heilongjiang|2006,0,0,200,FALSE
Gallicrex cinerea|Gansu|2017,0,54,200,TRUE
Garrulax monileger|Hubei|2015,0,5,200,TRUE
Garrulax monileger|Jiangsu|2007,0,16,200,TRUE
Garrulax monileger|Shaanxi|2020,0,18,200,TRUE
Gavia arctica|Liaoning|2022,0,8,200,TRUE
Gavia arctica|Shaanxi|2017,0,15,200,TRUE
Gavia arctica|Yunnan|2021,0,52,200,TRUE
Gelochelidon nilotica|Hubei|2018,0,8,200,TRUE
Gelochelidon nilotica|Hunan|2020,0,75,200,TRUE
Geokichla citrina|Chongqing|2008,0,0,200,FALSE
Geokichla citrina|Jiangxi|2017,0,31,200,TRUE
Glaucidium cuculoides|Beijing|2006,0,1,200,TRUE
Gorsachius melanolophus|Jiangsu|2019,0,13,200,TRUE
Gorsachius melanolophus|Shandong|2018,0,14,200,TRUE
Gracupica nigricollis|Anhui|2007,0,0,0,FALSE
Gracupica nigricollis|Chongqing|2006,0,0,200,FALSE
Gracupica nigricollis|Hainan|2005,0,0,200,FALSE
Gracupica nigricollis|Shandong|2021,0,38,200,TRUE
Grandala coelicolor|Chongqing|2007,0,0,200,FALSE
Grus japonensis|Sichuan|2023,0,55,200,TRUE
Grus monacha|Ningxia|2021,0,62,200,TRUE
Grus nigricollis|Inner Mongolia|2023,0,31,200,TRUE
Gypaetus barbatus|Chongqing|2007,0,0,200,FALSE
Gypaetus barbatus|Shaanxi|2023,0,23,200,TRUE
Gyps himalayensis|Guangxi|2013,0,28,200,TRUE
Gyps himalayensis|Liaoning|2002,0,0,200,FALSE
Halcyon coromanda|Shandong|2007,0,0,200,FALSE
Halcyon pileata|Tibet|2017,0,21,200,TRUE
Halcyon smyrnensis|Jiangsu|2006,0,0,200,FALSE
Halcyon smyrnensis|Shandong|2022,0,38,200,TRUE
Halcyon smyrnensis|Shanghai|2009,0,0,200,FALSE
Halcyon smyrnensis|Tibet|2013,1,15,200,TRUE
Haliaeetus leucoryphus|Yunnan|2009,0,69,200,TRUE
Harpactes wardi|Tibet|2019,0,73,200,TRUE
Helopsaltes certhiola|Tibet|2023,1,76,200,TRUE
Helopsaltes pryeri|Shanghai|2004,0,0,200,FALSE
Hemiprocne coronata|Inner Mongolia|2011,0,51,200,TRUE
Hemitesia pallidipes|Hunan|2023,0,34,200,TRUE
Hemixos castanonotus|Anhui|2007,0,0,0,FALSE
Hemixos castanonotus|Shandong|2020,0,18,200,TRUE
Heterophasia desgodinsi|Hubei|2011,0,0,200,FALSE
Heterophasia desgodinsi|Shaanxi|2011,0,51,200,TRUE
Heteroxenicus stellatus|Sichuan|2015,1,56,200,TRUE
Hieraaetus pennatus|Gansu|2013,1,80,200,TRUE
Hieraaetus pennatus|Hainan|2022,0,68,200,TRUE
Hieraaetus pennatus|Henan|2011,0,96,200,TRUE
Hieraaetus pennatus|Hunan|2020,1,89,200,TRUE
Hieraaetus pennatus|Qinghai|2013,0,44,200,TRUE
Hieraaetus pennatus|Shaanxi|2020,0,22,200,TRUE
Hieraaetus pennatus|Tibet|2012,1,0,200,TRUE
Hierococcyx nisicolor|Shaanxi|2014,1,49,200,TRUE
Hirundapus caudacutus|Hunan|2013,1,77,200,TRUE
Hirundo rustica|Hainan|2018,0,106,200,TRUE
Histrionicus histrionicus|Beijing|2017,0,4,200,TRUE
Histrionicus histrionicus|Inner Mongolia|2014,0,23,200,TRUE
Histrionicus histrionicus|Jiangsu|2022,1,1,200,TRUE
Hydrocoloeus minutus|Zhejiang|2017,0,14,200,TRUE
Hydrophasianus chirurgus|Gansu|2022,0,90,200,TRUE
Hydrophasianus chirurgus|Liaoning|2011,0,16,200,TRUE
Hydrophasianus chirurgus|Tianjin|2014,0,0,200,FALSE
Hydroprogne caspia|Hubei|2020,0,31,200,TRUE
Hydroprogne caspia|Ningxia|2020,1,45,200,TRUE
Hypothymis azurea|Jiangsu|2019,1,15,200,TRUE
Hypsipetes leucocephalus|Gansu|2020,0,41,200,TRUE
Ianthocincla lunulata|Ningxia|2017,1,65,200,TRUE
Ibidorhyncha struthersii|Anhui|2021,0,1,200,TRUE
Ictinaetus malaiensis|Anhui|2005,0,0,200,FALSE
Ictinaetus malaiensis|Shandong|2021,0,30,200,TRUE
Iduna caligata|Zhejiang|2021,0,5,200,TRUE
Indicator xanthonotus|Sichuan|2021,0,68,200,TRUE
Ixobrychus cinnamomeus|Qinghai|2018,0,14,200,TRUE
Ixobrychus eurhythmus|Shaanxi|2014,0,52,200,TRUE
Ixobrychus minutus|Gansu|2019,0,18,200,TRUE
Ixos mcclellandii|Gansu|2016,1,58,200,TRUE
Ixos mcclellandii|Ningxia|2021,1,47,200,TRUE
Lalage melaschistos|Liaoning|2012,0,16,200,TRUE
Lanius borealis|Tibet|2020,0,88,200,TRUE
Lanius collurioides|Sichuan|2014,0,63,200,TRUE
Lanius isabellinus|Zhejiang|2022,0,8,200,TRUE
Lanius schach|Beijing|2009,0,2,200,TRUE
Lanius schach|Jiangxi|2008,0,107,200,TRUE
Lanius sphenocercus|Yunnan|2017,0,66,200,TRUE
Lanius tephronotus|Hubei|2011,1,0,200,TRUE
Lanius tephronotus|Xinjiang|2004,0,42,200,TRUE
Larus crassirostris|Hainan|2006,0,40,200,TRUE
Larvivora brunnea|Jiangsu|2019,1,11,200,TRUE
Larvivora cyane|Hainan|2006,0,45,200,TRUE
Larvivora cyane|Hunan|2006,0,200,200,TRUE
Leptopoecile elegans|Yunnan|2010,0,88,200,TRUE
Leptoptilos javanicus|Yunnan|2013,0,53,200,TRUE
Limnodromus semipalmatus|Shaanxi|2019,0,13,200,TRUE
Limnodromus semipalmatus|Xinjiang|2010,0,20,200,TRUE
Limosa limosa|Ningxia|2011,0,47,200,TRUE
Linaria cannabina|Inner Mongolia|2019,1,20,200,TRUE
Locustella davidi|Guangxi|2023,0,4,200,TRUE
Locustella mandelli|Guizhou|2009,0,103,200,TRUE
Locustella mandelli|Hunan|2011,1,0,200,TRUE
Lonchura striata|Gansu|2009,0,97,200,TRUE
Lonchura striata|Tibet|2003,1,0,200,TRUE
Lophotriorchis kienerii|Tibet|2019,1,70,200,TRUE
Lophura nycthemera|Guangdong|2022,0,0,200,FALSE
Lophura nycthemera|Jiangsu|2016,0,35,200,TRUE
Loxia curvirostra|Hubei|2019,0,7,200,TRUE
Macropygia unchall|Jiangsu|2021,0,3,200,TRUE
Macropygia unchall|Tibet|2016,0,50,200,TRUE
Macropygia unchall|Zhejiang|2014,0,2,200,TRUE
Mareca falcata|Gansu|2018,1,64,200,TRUE
Mareca falcata|Xinjiang|2022,0,30,200,TRUE
Megaceryle lugubris|Inner Mongolia|2014,0,15,200,TRUE
Megaceryle lugubris|Qinghai|2017,0,30,200,TRUE
Megaceryle lugubris|Tibet|2019,1,58,200,TRUE
Melanitta fusca|Guangdong|2023,0,2,200,TRUE
Melanitta fusca|Shanghai|2019,0,0,200,FALSE
Melanitta stejnegeri|Guizhou|2023,1,55,200,TRUE
Melanitta stejnegeri|Shaanxi|2016,0,47,200,TRUE
Melanochlora sultanea|Tibet|2019,1,71,200,TRUE
Melanochlora sultanea|Zhejiang|2017,0,17,200,TRUE
Mergus serrator|Guizhou|2023,0,43,200,TRUE
Mergus serrator|Hunan|2020,0,73,200,TRUE
Mergus serrator|Shaanxi|2016,0,51,200,TRUE
Mergus serrator|Yunnan|2016,0,51,200,TRUE
Merops philippinus|Henan|2022,1,9,200,TRUE
Mixornis gularis|Guangxi|2005,0,167,200,TRUE
Monticola gularis|Sichuan|2011,1,57,200,TRUE
Monticola rufiventris|Shaanxi|2005,1,0,200,TRUE
Monticola solitarius|Qinghai|2017,1,37,200,TRUE
Motacilla citreola|Hunan|2010,0,74,200,TRUE
Moupinia poecilotis|Tibet|2019,0,61,200,TRUE
Muscicapa dauurica|Xinjiang|2010,0,16,200,TRUE
Muscicapa ferruginea|Hunan|2020,0,84,200,TRUE
Muscicapa ferruginea|Zhejiang|2013,0,19,200,TRUE
Muscicapa muttui|Henan|2019,0,126,200,TRUE
Muscicapa muttui|Hunan|2013,0,79,200,TRUE
Muscicapa muttui|Jiangsu|2023,0,4,200,TRUE
Muscicapa muttui|Shanghai|2013,0,0,200,FALSE
Mycerobas affinis|Shaanxi|2014,1,53,200,TRUE
Mycerobas affinis|Shandong|2009,0,27,200,TRUE
Mycerobas carnipes|Henan|2017,1,80,200,TRUE
Myiomela leucura|Jiangxi|2016,0,61,200,TRUE
Netta rufina|Anhui|2016,0,11,200,TRUE
Netta rufina|Jilin|2020,0,200,200,TRUE
Netta rufina|Liaoning|2012,0,19,200,TRUE
Netta rufina|Shanghai|2012,0,0,200,FALSE
Niltava davidi|Zhejiang|2017,0,6,200,TRUE
Niltava grandis|Guangxi|2002,0,20,200,TRUE
Niltava macgrigoriae|Shandong|2023,0,35,200,TRUE
Niltava sundara|Hunan|2014,0,41,200,TRUE
Ninox japonica|Hunan|2018,0,45,200,TRUE
Nipponia nippon|Gansu|2021,0,56,200,TRUE
Nisaetus nipalensis|Gansu|2006,0,57,200,TRUE
Nisaetus nipalensis|Guizhou|2017,0,57,200,TRUE
Nycticorax nycticorax|Tibet|2014,0,24,200,TRUE
Oenanthe deserti|Shanghai|2014,0,0,200,FALSE
Oenanthe deserti|Sichuan|2012,0,60,200,TRUE
Oenanthe deserti|Zhejiang|2021,0,6,200,TRUE
Oenanthe oenanthe|Jiangsu|2023,0,1,200,TRUE
Onychoprion anaethetus|Guangxi|2013,0,44,200,TRUE
Onychoprion anaethetus|Jiangsu|2021,0,1,200,TRUE
Onychoprion anaethetus|Shandong|2018,0,11,200,TRUE
Oriolus oriolus|Qinghai|2015,1,64,200,TRUE
Otus lettia|Gansu|2023,1,36,200,TRUE
Otus semitorques|Henan|2011,1,98,200,TRUE
Otus semitorques|Inner Mongolia|2022,1,43,200,TRUE
Otus semitorques|Zhejiang|2014,0,4,200,TRUE
Otus spilocephalus|Anhui|2022,0,4,200,TRUE
Otus spilocephalus|Jiangxi|2004,0,32,200,TRUE
Oxyura leucocephala|Shaanxi|2018,0,13,200,TRUE
Oxyura leucocephala|Sichuan|2020,0,49,200,TRUE
Panurus biarmicus|Henan|2021,0,76,200,TRUE
Panurus biarmicus|Shaanxi|2018,0,11,200,TRUE
Paradoxornis guttaticollis|Hunan|2010,1,85,200,TRUE
Paradoxornis heudei|Anhui|2006,0,0,200,FALSE
Paradoxornis heudei|Henan|2006,1,0,200,TRUE
Paradoxornis heudei|Jilin|2021,1,75,200,TRUE
Parayuhina diademata|Tibet|2013,0,21,200,TRUE
Pardaliparus venustulus|Jilin|2010,1,200,200,FALSE
Pardaliparus venustulus|Qinghai|2013,1,31,200,TRUE
Parus monticolus|Guangxi|2004,0,0,200,FALSE
Passer cinnamomeus|Beijing|2004,0,0,200,FALSE
Passer cinnamomeus|Inner Mongolia|2017,1,21,200,TRUE
Passer domesticus|Hainan|2017,0,83,200,TRUE
Passer domesticus|Hubei|2023,0,16,200,TRUE
Passer domesticus|Jiangxi|2019,0,75,200,TRUE
Passer domesticus|Shaanxi|2009,0,95,200,TRUE
Passer domesticus|Yunnan|2014,0,33,200,TRUE
Passer domesticus|Zhejiang|2021,0,7,200,TRUE
Passer hispaniolensis|Inner Mongolia|2014,0,12,200,TRUE
Passer hispaniolensis|Sichuan|2016,1,66,200,TRUE
Pelecanus crispus|Guizhou|2023,1,43,200,TRUE
Pellorneum tickelli|Guangxi|2005,0,151,200,TRUE
Perdix hodgsoniae|Yunnan|2011,0,40,200,TRUE
Pericrocotus cantonensis|Tianjin|2020,0,0,200,FALSE
Pericrocotus divaricatus|Hainan|2017,0,74,200,TRUE
Pericrocotus ethologus|Hunan|2011,1,0,200,TRUE
Pericrocotus ethologus|Inner Mongolia|2013,0,23,200,TRUE
Pericrocotus ethologus|Jiangsu|2022,0,1,200,TRUE
Pericrocotus solaris|Anhui|2007,0,0,0,FALSE
Pericrocotus solaris|Chongqing|2007,0,0,200,FALSE
Phoenicurus erythronotus|Gansu|2019,0,12,200,TRUE
Phoenicurus frontalis|Jiangxi|2019,0,69,200,TRUE
Phoenicurus frontalis|Shandong|2017,0,10,200,TRUE
Phoenicurus leucocephalus|Xinjiang|2009,0,0,0,FALSE
Phoenicurus ochruros|Hunan|2021,0,35,200,TRUE
Phoenicurus ochruros|Jiangsu|2014,0,12,200,TRUE
Phoenicurus ochruros|Shanghai|2011,0,0,200,FALSE
Phoenicurus ochruros|Zhejiang|2019,1,16,200,TRUE
Phoenicurus schisticeps|Shandong|2009,1,29,200,TRUE
Phylloscopus affinis|Guangxi|2009,1,0,200,TRUE
Phylloscopus affinis|Heilongjiang|2010,0,37,200,TRUE
Phylloscopus burkii|Tianjin|2002,0,0,0,FALSE
Phylloscopus cantator|Guangxi|2014,0,8,200,TRUE
Phylloscopus cantator|Tibet|2016,1,50,200,TRUE
Phylloscopus castaniceps|Anhui|2015,0,0,200,FALSE
Phylloscopus castaniceps|Heilongjiang|2002,0,0,200,FALSE
Phylloscopus castaniceps|Shanghai|2011,0,0,200,FALSE
Phylloscopus claudiae|Shanghai|2013,0,0,200,FALSE
Phylloscopus coronatus|Xinjiang|2010,0,22,200,TRUE
Phylloscopus emeiensis|Hunan|2018,1,39,200,TRUE
Phylloscopus intermedius|Guangxi|2006,0,23,200,TRUE
Phylloscopus intermedius|Hainan|2018,0,106,200,TRUE
Phylloscopus intermedius|Henan|2022,1,7,200,TRUE
Phylloscopus intermedius|Hunan|2017,1,45,200,TRUE
Phylloscopus intermedius|Shanghai|2013,0,0,200,FALSE
Phylloscopus magnirostris|Hunan|2012,1,134,200,TRUE
Phylloscopus ogilviegranti|Shaanxi|2011,0,49,200,TRUE
Phylloscopus omeiensis|Hunan|2015,1,88,200,TRUE
Phylloscopus pulcher|Hunan|2021,0,29,200,TRUE
Phylloscopus ricketti|Anhui|2016,0,8,200,TRUE
Phylloscopus ricketti|Henan|2016,0,167,200,TRUE
Phylloscopus ricketti|Jiangxi|2009,1,42,200,TRUE
Phylloscopus soror|Beijing|2011,0,0,200,FALSE
Phylloscopus soror|Hunan|2015,1,72,200,TRUE
Phylloscopus soror|Jiangsu|2021,1,3,200,TRUE
Phylloscopus soror|Shanghai|2011,0,0,200,FALSE
Phylloscopus subaffinis|Inner Mongolia|2019,0,19,200,TRUE
Phylloscopus tenellipes|Henan|2011,1,80,200,TRUE
Phylloscopus tephrocephalus|Anhui|2022,0,4,200,TRUE
Phylloscopus tephrocephalus|Gansu|2016,1,51,200,TRUE
Phylloscopus tephrocephalus|Guizhou|2011,1,0,200,TRUE
Phylloscopus tephrocephalus|Hunan|2015,0,77,200,TRUE
Phylloscopus tephrocephalus|Tianjin|2020,0,0,200,FALSE
Phylloscopus yunnanensis|Jiangxi|2011,1,44,200,TRUE
Picumnus innominatus|Guangxi|2005,0,156,200,TRUE
Picumnus innominatus|Shandong|2015,1,83,200,TRUE
Picus chlorolophus|Tibet|2019,1,50,200,TRUE
Pitta nympha|Hubei|2009,0,0,200,FALSE
Pitta nympha|Jilin|2019,0,69,200,TRUE
Platalea minor|Anhui|2016,0,11,200,TRUE
Pnoepyga immaculata|Tibet|2010,1,42,200,TRUE
Podiceps auritus|Gansu|2020,0,47,200,TRUE
Podiceps auritus|Shaanxi|2016,0,51,200,TRUE
Podiceps grisegena|Gansu|2007,0,0,200,FALSE
Podiceps nigricollis|Shaanxi|2002,0,76,200,TRUE
Podiceps nigricollis|Tibet|2013,0,19,200,TRUE
Podoces biddulphi|Gansu|2008,1,200,200,FALSE
Pomatorhinus schisticeps|Tibet|2015,1,28,200,TRUE
Prinia atrogularis|Guizhou|2016,1,126,200,TRUE
Prinia atrogularis|Hunan|2015,1,79,200,TRUE
Prinia flaviventris|Hubei|2019,0,9,200,TRUE
Prinia flaviventris|Jiangsu|2022,0,1,200,TRUE
Prinia inornata|Shaanxi|2023,0,18,200,TRUE
Prunella collaris|Hunan|2020,1,86,200,TRUE
Prunella himalayana|Shandong|2009,1,27,200,TRUE
Prunella immaculata|Shaanxi|2007,1,42,200,TRUE
Prunella montanella|Jiangsu|2014,0,12,200,TRUE
Prunella montanella|Xinjiang|2008,0,10,200,TRUE
Prunella strophiata|Guizhou|2009,0,94,200,TRUE
Prunella strophiata|Henan|2016,0,165,200,TRUE
Psarisomus dalhousiae|Tibet|2015,1,15,200,TRUE
Pseudopodoces humilis|Inner Mongolia|2020,0,17,200,TRUE
Psilopogon faber|Fujian|2014,0,0,200,FALSE
Psilopogon faber|Zhejiang|2016,0,8,200,TRUE
Psilopogon virens|Gansu|2016,1,61,200,TRUE
Pterorhinus berthemyi|Jiangsu|2007,0,23,200,TRUE
Pterorhinus lanceolatus|Henan|2016,0,166,200,TRUE
Pterorhinus pectoralis|Jiangsu|2007,0,16,200,TRUE
Pterorhinus sannio|Henan|2014,0,114,200,TRUE
Pteruthius rufiventer|Tibet|2019,1,65,200,TRUE
Pteruthius xanthochlorus|Anhui|2015,0,0,200,FALSE
Pteruthius xanthochlorus|Guizhou|2017,0,44,200,TRUE
Pteruthius xanthochlorus|Hunan|2011,1,0,200,TRUE
Ptyonoprogne rupestris|Hubei|2017,0,5,200,TRUE
Ptyonoprogne rupestris|Jiangsu|2021,0,4,200,TRUE
Pycnonotus jocosus|Hainan|2010,0,59,200,TRUE
Pycnonotus jocosus|Henan|2010,0,103,200,TRUE
Pycnonotus jocosus|Sichuan|2011,0,63,200,TRUE
Pycnonotus sinensis|Beijing|2002,0,4,200,TRUE
Pycnonotus sinensis|Jilin|2018,0,79,200,TRUE
Pycnonotus sinensis|Liaoning|2004,0,127,200,TRUE
Pycnonotus sinensis|Ningxia|2010,0,0,0,FALSE
Pycnonotus sinensis|Qinghai|2006,0,23,200,TRUE
Pycnonotus xanthorrhous|Ningxia|2019,0,102,200,TRUE
Pycnonotus xanthorrhous|Shanghai|2008,0,0,200,FALSE
Pyrrhula erythaca|Hunan|2011,1,0,200,TRUE
Pyrrhula nipalensis|Henan|2023,1,117,200,TRUE
Pyrrhula nipalensis|Hunan|2010,1,96,200,TRUE
Pyrrhula nipalensis|Shaanxi|2010,0,40,200,TRUE
Rallina eurizonoides|Jiangxi|2006,0,106,200,TRUE
Rallina eurizonoides|Shandong|2020,1,16,200,TRUE
Rallus aquaticus|Anhui|2022,0,6,200,TRUE
Rallus aquaticus|Inner Mongolia|2009,0,46,200,TRUE
Rallus aquaticus|Ningxia|2009,0,0,0,FALSE
Rallus aquaticus|Shaanxi|2018,0,10,200,TRUE
Recurvirostra avosetta|Ningxia|2010,0,0,0,FALSE
Recurvirostra avosetta|Yunnan|2007,0,45,200,TRUE
Regulus regulus|Anhui|2011,0,0,200,FALSE
Regulus regulus|Hunan|2012,0,141,200,TRUE
Remiz consobrinus|Guangxi|2012,0,25,200,TRUE
Remiz consobrinus|Guizhou|2023,0,42,200,TRUE
Remiz consobrinus|Shaanxi|2015,0,32,200,TRUE
Remiz consobrinus|Sichuan|2020,0,68,200,TRUE
Remiz coronatus|Gansu|2021,0,69,200,TRUE
Remiz coronatus|Inner Mongolia|2021,0,27,200,TRUE
Rhodospiza obsoleta|Shaanxi|2010,0,40,200,TRUE
Sasia ochracea|Guangdong|2013,0,34,200,TRUE
Sasia ochracea|Hunan|2017,0,53,200,TRUE
Saxicola ferreus|Tianjin|2019,0,0,200,FALSE
Sitta cinnamoventris|Tibet|2016,1,39,200,TRUE
Sitta formosa|Tibet|2019,1,65,200,TRUE
Sitta villosa|Heilongjiang|2005,0,0,200,FALSE
Sitta villosa|Shandong|2023,1,30,200,TRUE
Sittiparus varius|Shanghai|2012,0,0,200,FALSE
Spilopelia chinensis|Inner Mongolia|2004,0,0,200,FALSE
Spilopelia chinensis|Jilin|2016,0,105,200,TRUE
Spilopelia senegalensis|Gansu|2020,0,46,200,TRUE
Spilornis cheela|Heilongjiang|2010,0,37,200,TRUE
Spilornis cheela|Shanghai|2015,0,0,200,FALSE
Spinus spinus|Xinjiang|2010,0,15,200,TRUE
Spizixos semitorques|Beijing|2019,0,15,200,TRUE
Spizixos semitorques|Hebei|2019,0,14,200,TRUE
Spizixos semitorques|Shandong|2011,0,41,200,TRUE
Spodiopsar cineraceus|Tibet|2016,1,29,200,TRUE
Spodiopsar sericeus|Gansu|2015,1,80,200,TRUE
Spodiopsar sericeus|Jilin|2019,0,67,200,TRUE
Spodiopsar sericeus|Liaoning|2007,0,0,200,FALSE
Spodiopsar sericeus|Ningxia|2016,1,0,200,TRUE
Stachyris humei|Tibet|2014,1,19,200,TRUE
Staphida torqueola|Gansu|2021,0,68,200,TRUE
Streptopelia decaocto|Heilongjiang|2005,0,0,200,FALSE
Sturnia sinensis|Jiangsu|2018,0,10,200,TRUE
Sturnus vulgaris|Heilongjiang|2007,0,0,200,FALSE
Sturnus vulgaris|Inner Mongolia|2013,0,27,200,TRUE
Sturnus vulgaris|Shaanxi|2012,0,60,200,TRUE
Suthora fulvifrons|Hubei|2017,1,3,200,TRUE
Syrmaticus humiae|Yunnan|2017,0,57,200,TRUE
Syrmaticus reevesii|Guangxi|2020,1,9,200,TRUE
Tarsiger chrysaeus|Guizhou|2019,0,28,200,TRUE
Tarsiger chrysaeus|Henan|2023,0,115,200,TRUE
Tarsiger chrysaeus|Hunan|2022,1,34,200,TRUE
Tarsiger indicus|Shaanxi|2015,1,30,200,TRUE
Temnurus temnurus|Guangdong|2020,0,2,200,TRUE
Tephrodornis virgatus|Zhejiang|2019,0,17,200,TRUE
Thalasseus bergii|Shanghai|2011,0,0,200,FALSE
Timalia pileata|Jiangxi|2003,0,105,200,TRUE
Tragopan caboti|Anhui|2018,0,10,200,TRUE
Tragopan temminckii|Henan|2017,1,86,200,TRUE
Treron curvirostra|Guangdong|2022,0,4,200,TRUE
Treron sieboldii|Henan|2022,1,7,200,TRUE
Treron sieboldii|Jiangxi|2004,0,29,200,TRUE
Treron sieboldii|Zhejiang|2020,1,9,200,TRUE
Treron sphenurus|Guangdong|2022,0,1,200,TRUE
Turdus boulboul|Anhui|2022,0,4,200,TRUE
Turdus boulboul|Fujian|2019,1,4,200,TRUE
Turdus boulboul|Henan|2016,1,159,200,TRUE
Turdus boulboul|Hunan|2009,0,75,200,TRUE
Turdus boulboul|Jiangxi|2017,0,35,200,TRUE
Turdus boulboul|Ningxia|2018,1,152,200,TRUE
Turdus boulboul|Shaanxi|2006,0,54,200,TRUE
Turdus boulboul|Tibet|2019,0,51,200,TRUE
Turdus boulboul|Zhejiang|2021,0,7,200,TRUE
Turdus cardis|Beijing|2013,0,6,200,TRUE
Turdus cardis|Shaanxi|2019,0,13,200,TRUE
Turdus feae|Anhui|2022,0,6,200,TRUE
Turdus feae|Guizhou|2015,1,63,200,TRUE
Turdus feae|Sichuan|2012,0,54,200,TRUE
Turdus mandarinus|Beijing|2007,0,0,200,FALSE
Turdus mandarinus|Ningxia|2016,0,0,200,FALSE
Turdus pilaris|Heilongjiang|2010,1,48,200,TRUE
Turdus pilaris|Shaanxi|2022,0,27,200,TRUE
Turdus rubrocanus|Henan|2019,1,132,200,TRUE
Turdus rubrocanus|Inner Mongolia|2021,1,24,200,TRUE
Turdus rubrocanus|Jiangxi|2017,1,38,200,TRUE
Turdus rubrocanus|Shanxi|2016,0,6,200,TRUE
Turdus ruficollis|Jiangsu|2013,0,8,200,TRUE
Turdus ruficollis|Tianjin|2005,0,0,0,FALSE
Turdus viscivorus|Gansu|2018,0,49,200,TRUE
Turdus viscivorus|Inner Mongolia|2019,0,26,200,TRUE
Turdus viscivorus|Ningxia|2021,1,59,200,TRUE
Turnix suscitator|Anhui|2023,0,7,200,TRUE
Turnix suscitator|Zhejiang|2021,0,7,200,TRUE
Tyto longimembris|Hebei|2004,0,36,200,TRUE
Urile pelagicus|Jiangsu|2023,0,3,200,TRUE
Urosphena squameiceps|Anhui|2013,0,7,200,TRUE
Vanellus indicus|Chongqing|2017,0,19,200,TRUE
Yuhina nigrimenta|Gansu|2016,0,69,200,TRUE
Yuhina nigrimenta|Shaanxi|2006,0,62,200,TRUE
Zoothera dixoni|Hubei|2019,1,8,200,TRUE
Zoothera dixoni|Hunan|2015,1,66,200,TRUE
Zoothera mollissima|Hunan|2012,1,142,200,TRUE
Zoothera mollissima|Shaanxi|2004,0,74,200,TRUE
Zoothera monticola|Tibet|2019,0,50,200,TRUE
Zoothera monticola|Yunnan|2007,0,49,200,TRUE
Zosterops erythropleurus|Qinghai|2017,1,29,200,TRUE
