model,term,estimate,se,p_value,odds_ratio,significant,subset
M1 taxonomic nesting,z_log_mass,-0.0271962146381117,0.125565158474538,0.828527526025638,0.973170272536647,FALSE,no imputed traits
M1 taxonomic nesting,z_log_hwi,-0.11172820171328,0.134851932289193,0.407373223818537,0.894287290224241,FALSE,no imputed traits
M1 taxonomic nesting,z_log_range,0.199030319977522,0.0974293327884956,0.0410705340183106,1.22021896235051,TRUE,no imputed traits
M1 taxonomic nesting,z_log_clutch,0.0600881434341519,0.0839492734008848,0.474135056681577,1.06193014459005,FALSE,no imputed traits
M1 taxonomic nesting,z_log_congeners,-0.0512578950810971,0.0767556016282315,0.504257071966521,0.950033629936365,FALSE,no imputed traits
M1 taxonomic nesting,z_log_habbreadth,-0.107941332933341,0.0764994127041608,0.158242063922102,0.897680259153239,FALSE,no imputed traits
M1 taxonomic nesting,z_log_dietbreadth,-0.0845020378938024,0.0835506461793328,0.311831237842453,0.918969782612099,FALSE,no imputed traits
M1 taxonomic nesting,migration_finalPartial migrant,0.952564097217078,0.209447337211228,5.41610744426163e-06,2.59234817752337,TRUE,no imputed traits
M1 taxonomic nesting,migration_finalMigratory,0.410046416595166,0.212043697266575,0.0531398604747437,1.50688772808722,FALSE,no imputed traits
M1 taxonomic nesting,trophic_nicheOmnivore,-0.0405326874446958,0.233443010579806,0.862156329220967,0.960277774971732,FALSE,no imputed traits
M1 taxonomic nesting,trophic_nicheAquatic predator,-0.055098431098017,0.308925178391449,0.85844398174517,0.94639198896606,FALSE,no imputed traits
M1 taxonomic nesting,trophic_nicheGranivore,-0.274637946066822,0.325574246206853,0.39892127384176,0.759847179089239,FALSE,no imputed traits
M1 taxonomic nesting,trophic_nicheVertivore/Scavenger,0.214790807818443,0.422895623701045,0.611519958011288,1.23960255467814,FALSE,no imputed traits
M1 taxonomic nesting,trophic_nicheFrugivore/Nectarivore,-0.220432613569721,0.383926881984539,0.565864548524386,0.802171692527198,FALSE,no imputed traits
M1 taxonomic nesting,trophic_nicheHerbivore,0.0991466627989343,0.460880751432637,0.829670385464201,1.10422823688738,FALSE,no imputed traits
M1 taxonomic nesting,habitat_densitySemi-open,0.0843105276762774,0.175595094671985,0.631126636885357,1.08796668512593,FALSE,no imputed traits
M1 taxonomic nesting,habitat_densityOpen,-0.211559386768146,0.212724312043307,0.31996793445245,0.809321216654096,FALSE,no imputed traits
M1 taxonomic nesting,iucn_groupNear Threatened,0.151063671507548,0.326048704831057,0.643137681481542,1.16307071018979,FALSE,no imputed traits
M1 taxonomic nesting,iucn_groupThreatened,0.270407785003998,0.285364526899784,0.343339623582201,1.31049874352292,FALSE,no imputed traits
M1 taxonomic nesting,endemic_finalEndemic,-0.239880411526015,0.396055044146943,0.544730969467088,0.786721938317218,FALSE,no imputed traits
M2 phylogenetic eigenvectors,z_log_mass,-0.0640775671965893,0.136955872594044,0.639877437728223,0.937932243934289,FALSE,no imputed traits
M2 phylogenetic eigenvectors,z_log_hwi,-0.0880251088542875,0.111809154739004,0.431117987860818,0.91573788330558,FALSE,no imputed traits
M2 phylogenetic eigenvectors,z_log_range,0.174420768883238,0.0954206049248319,0.0675622877224024,1.19055640953412,FALSE,no imputed traits
M2 phylogenetic eigenvectors,z_log_clutch,0.110418666835886,0.0829673871001171,0.183232343880452,1.11674551691194,FALSE,no imputed traits
M2 phylogenetic eigenvectors,z_log_congeners,-0.0427755391249273,0.0755044687551883,0.571033613183059,0.958126427828766,FALSE,no imputed traits
M2 phylogenetic eigenvectors,z_log_habbreadth,-0.0848298638074004,0.0759541984152832,0.264056116608201,0.918668569878912,FALSE,no imputed traits
M2 phylogenetic eigenvectors,z_log_dietbreadth,-0.0913979596707475,0.0826232782976236,0.268639495598471,0.912654438960235,FALSE,no imputed traits
M2 phylogenetic eigenvectors,migration_finalPartial migrant,0.945336395409017,0.206548028706976,4.72061875745509e-06,2.57367900678565,TRUE,no imputed traits
M2 phylogenetic eigenvectors,migration_finalMigratory,0.434622719344616,0.205199010878003,0.0341704395499148,1.54438028421764,TRUE,no imputed traits
M2 phylogenetic eigenvectors,trophic_nicheOmnivore,0.0355783271344062,0.228363025369329,0.876192852905023,1.0362188089994,FALSE,no imputed traits
M2 phylogenetic eigenvectors,trophic_nicheAquatic predator,0.274773610605246,0.334660271127115,0.411616435483219,1.31623266001994,FALSE,no imputed traits
M2 phylogenetic eigenvectors,trophic_nicheGranivore,-0.279562258629908,0.310912842514468,0.368564244576521,0.756114651687469,FALSE,no imputed traits
M2 phylogenetic eigenvectors,trophic_nicheVertivore/Scavenger,-0.193008305876291,0.495707525531207,0.697010418818389,0.824475126122266,FALSE,no imputed traits
M2 phylogenetic eigenvectors,trophic_nicheFrugivore/Nectarivore,-0.13336842654495,0.384081060598984,0.728410789637174,0.875142606939358,FALSE,no imputed traits
M2 phylogenetic eigenvectors,trophic_nicheHerbivore,0.272012594498517,0.522664042157142,0.602760509273444,1.31260353279025,FALSE,no imputed traits
M2 phylogenetic eigenvectors,habitat_densitySemi-open,0.0762846236636356,0.172954762894692,0.659164554711534,1.07926971614593,FALSE,no imputed traits
M2 phylogenetic eigenvectors,habitat_densityOpen,-0.215388627437056,0.212267735237046,0.310247604063128,0.806228056943157,FALSE,no imputed traits
M2 phylogenetic eigenvectors,iucn_groupNear Threatened,0.195899843958253,0.323007288967428,0.544191160978587,1.21640506891623,FALSE,no imputed traits
M2 phylogenetic eigenvectors,iucn_groupThreatened,0.273900891828229,0.285718094945242,0.337739962749864,1.31508446016328,FALSE,no imputed traits
M2 phylogenetic eigenvectors,endemic_finalEndemic,-0.24533383362212,0.394701067430945,0.534225500595674,0.782443288760174,FALSE,no imputed traits
M2 phylogenetic eigenvectors,pv1,-0.232396783936888,0.140248317741494,0.0975118041681362,0.792631557433607,FALSE,no imputed traits
M2 phylogenetic eigenvectors,pv2,-0.0961185665075269,0.112871917836394,0.394451677450157,0.908356309048456,FALSE,no imputed traits
M2 phylogenetic eigenvectors,pv3,-0.0628642475501472,0.0829374158056034,0.448467682990522,0.939070946218118,FALSE,no imputed traits
M2 phylogenetic eigenvectors,pv4,-0.30396800522061,0.111276226781445,0.00630175310847998,0.737884474523899,TRUE,no imputed traits
M2 phylogenetic eigenvectors,pv5,-0.0994414408187136,0.0901890740584386,0.270205882777243,0.905342964459029,FALSE,no imputed traits
M2 phylogenetic eigenvectors,pv6,0.0599467163364033,0.0761836024486397,0.431357009651424,1.06177996951135,FALSE,no imputed traits
M2 phylogenetic eigenvectors,pv7,-0.0534082292372064,0.0826144111253017,0.517971172821745,0.947992935046759,FALSE,no imputed traits
M2 phylogenetic eigenvectors,pv8,-0.221266161654082,0.106639161902092,0.0379953129090542,0.801503322447562,TRUE,no imputed traits
M2 phylogenetic eigenvectors,pv9,-0.0218278117793498,0.0697587617482464,0.75435342214957,0.978408690999301,FALSE,no imputed traits
M2 phylogenetic eigenvectors,pv10,0.0187117308040905,0.0694181298181937,0.787505651796264,1.01888789228556,FALSE,no imputed traits
